date,open,close
2014-01-02,183.98,182.92
2014-01-03,183.23,182.89
2014-01-06,183.49,182.36
2014-01-07,183.09,183.48
2014-01-08,183.45,183.52
2014-01-09,184.11,183.64
2014-01-10,183.95,184.14
2014-01-13,183.67,181.69
2014-01-14,182.29,183.67
2014-01-15,184.1,184.66
2014-01-16,184.28,184.42
2014-01-17,184.1,183.64
2014-01-21,184.7,184.18
2014-01-22,184.49,184.3
2014-01-23,183.37,182.79
2014-01-24,181.6,178.89
2014-01-27,179.06,178.01
2014-01-28,178.14,179.07
2014-01-29,177.58,177.35
2014-01-30,178.83,179.23
2014-01-31,177.01,178.18
2014-02-03,177.97,174.17
2014-02-04,174.95,175.39
2014-02-05,174.78,175.17
2014-02-06,175.58,177.48
2014-02-07,178.31,179.68
2014-02-10,179.7,180.01
2014-02-11,180.16,181.98
2014-02-12,182.25,182.07
2014-02-13,180.84,183.01
2014-02-14,182.84,184.02
2014-02-18,184.18,184.24
2014-02-19,183.76,183.02
2014-02-20,183.27,184.1
2014-02-21,184.45,183.89
2014-02-24,184.28,184.91
2014-02-25,185.06,184.84
2014-02-26,185.11,184.85
2014-02-27,184.58,185.82
2014-02-28,185.79,186.29
2014-03-03,184.65,184.98
2014-03-04,186.79,187.58
2014-03-05,187.74,187.75
2014-03-06,188.21,188.18
2014-03-07,188.96,188.26
2014-03-10,187.97,188.16
2014-03-11,188.44,187.23
2014-03-12,186.32,187.28
2014-03-13,187.84,185.18
2014-03-14,184.85,184.66
2014-03-17,185.59,186.33
2014-03-18,186.71,187.66
2014-03-19,187.68,186.66
2014-03-20,186.25,187.75
2014-03-21,187.71,186.2
2014-03-24,186.84,185.43
2014-03-25,186.37,186.31
2014-03-26,187.04,184.97
2014-03-27,184.75,184.58
2014-03-28,185.11,185.49
2014-03-31,186.67,187.01
2014-04-01,187.62,188.25
2014-04-02,188.49,188.88
2014-04-03,189.17,188.63
2014-04-04,189.66,186.4
2014-04-07,185.95,184.34
2014-04-08,184.26,185.1
2014-04-09,185.6,187.09
2014-04-10,187.08,183.16
2014-04-11,182.14,181.51
2014-04-14,182.93,182.94
2014-04-15,183.32,184.2
2014-04-16,185.47,186.13
2014-04-17,185.88,186.39
2014-04-21,186.44,187.04
2014-04-22,187.23,187.89
2014-04-23,187.82,187.45
2014-04-24,188.37,187.83
2014-04-25,187.22,186.29
2014-04-28,187.05,186.88
2014-04-29,187.48,187.75
2014-04-30,187.44,188.31
2014-05-01,188.22,188.33
2014-05-02,188.31,188.06
2014-05-05,187.14,188.42
2014-05-06,188.0,186.78
2014-05-07,187.41,187.88
2014-05-08,187.71,187.68
2014-05-09,187.71,187.96
2014-05-12,188.8,189.79
2014-05-13,190.04,189.96
2014-05-14,189.79,189.06
2014-05-15,188.68,187.4
2014-05-16,187.51,188.05
2014-05-19,187.69,188.74
2014-05-20,188.65,187.55
2014-05-21,188.09,189.13
2014-05-22,189.18,189.59
2014-05-23,189.76,190.35
2014-05-27,191.06,191.52
2014-05-28,191.52,191.38
2014-05-29,191.82,192.37
2014-05-30,192.19,192.68
2014-06-02,192.95,192.9
2014-06-03,192.43,192.8
2014-06-04,192.47,193.19
2014-06-05,193.41,194.45
2014-06-06,194.87,195.38
2014-06-09,195.35,195.58
2014-06-10,195.34,195.6
2014-06-11,194.9,194.92
2014-06-12,194.69,193.54
2014-06-13,193.92,194.13
2014-06-16,193.89,194.29
2014-06-17,194.02,194.83
2014-06-18,194.83,196.26
2014-06-19,196.43,196.48
2014-06-20,196.03,195.94
2014-06-23,195.99,195.88
2014-06-24,195.53,194.7
2014-06-25,194.29,195.58
2014-06-26,195.61,195.44
2014-06-27,194.98,195.82
2014-06-30,195.7,195.72
2014-07-01,196.2,197.03
2014-07-02,197.05,197.23
2014-07-03,197.79,198.2
2014-07-07,197.82,197.51
2014-07-08,197.15,196.24
2014-07-09,196.73,197.12
2014-07-10,195.22,196.34
2014-07-11,196.22,196.61
2014-07-14,197.61,197.6
2014-07-15,197.72,197.23
2014-07-16,198.11,197.96
2014-07-17,197.35,195.71
2014-07-18,196.35,197.71
2014-07-21,197.09,197.34
2014-07-22,198.01,198.2
2014-07-23,198.5,198.64
2014-07-24,198.83,198.65
2014-07-25,198.09,197.72
2014-07-28,197.76,197.8
2014-07-29,198.17,196.95
2014-07-30,197.65,196.98
2014-07-31,195.61,193.09
2014-08-01,192.56,192.5
2014-08-04,192.87,193.89
2014-08-05,193.1,192.01
2014-08-06,191.11,192.07
2014-08-07,192.94,191.03
2014-08-08,191.46,193.24
2014-08-11,193.97,193.8
2014-08-12,193.61,193.53
2014-08-13,194.29,194.84
2014-08-14,195.16,195.76
2014-08-15,196.47,195.72
2014-08-18,196.8,197.36
2014-08-19,197.84,198.39
2014-08-20,198.12,198.92
2014-08-21,199.09,199.5
2014-08-22,199.34,199.19
2014-08-25,200.14,200.2
2014-08-26,200.33,200.33
2014-08-27,200.43,200.25
2014-08-28,199.59,200.14
2014-08-29,200.45,200.71
2014-09-02,200.97,200.61
2014-09-03,201.38,200.5
2014-09-04,200.84,200.21
2014-09-05,200.17,201.11
2014-09-08,200.92,200.59
2014-09-09,200.41,199.32
2014-09-10,199.43,200.07
2014-09-11,199.27,200.3
2014-09-12,200.1,199.13
2014-09-15,199.16,198.98
2014-09-16,198.61,200.48
2014-09-17,200.77,200.75
2014-09-18,201.36,201.82
2014-09-19,201.52,200.7
2014-09-22,200.35,199.15
2014-09-23,198.43,198.01
2014-09-24,198.04,199.56
2014-09-25,199.04,196.34
2014-09-26,196.7,197.9
2014-09-29,196.2,197.54
2014-09-30,197.69,197.02
2014-10-01,196.7,194.35
2014-10-02,194.18,194.38
2014-10-03,195.68,196.52
2014-10-06,197.34,196.29
2014-10-07,195.28,193.26
2014-10-08,193.37,196.64
2014-10-09,196.33,192.74
2014-10-10,192.69,190.54
2014-10-13,190.46,187.41
2014-10-14,188.42,187.7
2014-10-15,185.16,186.43
2014-10-16,183.06,186.27
2014-10-17,188.42,188.47
2014-10-20,188.13,190.3
2014-10-21,191.68,194.07
2014-10-22,194.41,192.69
2014-10-23,194.62,194.93
2014-10-24,195.25,196.43
2014-10-27,195.73,196.16
2014-10-28,196.82,198.41
2014-10-29,198.55,198.11
2014-10-30,197.58,199.38
2014-10-31,201.78,201.66
2014-11-03,201.92,201.77
2014-11-04,201.23,201.07
2014-11-05,202.54,202.34
2014-11-06,202.39,203.15
2014-11-07,203.17,203.34
2014-11-10,203.38,203.98
2014-11-11,204.06,204.18
2014-11-12,203.35,203.96
2014-11-13,204.16,204.19
2014-11-14,204.1,204.24
2014-11-17,203.85,204.37
2014-11-18,204.44,205.55
2014-11-19,205.31,205.22
2014-11-20,204.26,205.58
2014-11-21,207.64,206.68
2014-11-24,207.17,207.26
2014-11-25,207.54,207.11
2014-11-26,207.29,207.64
2014-11-28,207.49,207.2
2014-12-01,206.4,205.76
2014-12-02,205.81,207.09
2014-12-03,207.3,207.89
2014-12-04,207.54,207.66
2014-12-05,207.87,208.0
2014-12-08,207.52,206.61
2014-12-09,204.37,206.47
2014-12-10,205.91,203.16
2014-12-11,203.88,204.19
2014-12-12,202.64,200.89
2014-12-15,201.98,199.51
2014-12-16,198.58,197.91
2014-12-17,198.44,201.79
2014-12-18,204.74,206.78
2014-12-19,206.43,206.52
2014-12-22,206.75,207.47
2014-12-23,208.17,207.75
2014-12-24,208.02,207.77
2014-12-26,208.31,208.44
2014-12-29,208.22,208.72
2014-12-30,208.21,207.6
2014-12-31,207.99,205.54
2015-01-02,206.38,205.43
2015-01-05,204.17,201.72
2015-01-06,202.09,199.82
2015-01-07,201.42,202.31
2015-01-08,204.01,205.9
2015-01-09,206.4,204.25
2015-01-12,204.41,202.65
2015-01-13,204.12,202.08
2015-01-14,199.65,200.86
2015-01-15,201.63,199.02
2015-01-16,198.77,201.63
2015-01-20,202.4,202.06
2015-01-21,201.5,203.08
2015-01-22,203.99,206.1
2015-01-23,205.79,204.97
2015-01-26,204.71,205.45
2015-01-27,202.97,202.74
2015-01-28,204.17,200.14
2015-01-29,200.38,201.99
2015-01-30,200.57,199.45
2015-02-02,200.05,201.92
2015-02-03,203.0,204.84
2015-02-04,203.92,204.06
2015-02-05,204.86,206.12
2015-02-06,206.56,205.55
2015-02-09,204.77,204.63
2015-02-10,205.88,206.81
2015-02-11,206.61,206.93
2015-02-12,207.89,208.92
2015-02-13,209.07,209.78
2015-02-17,209.4,210.11
2015-02-18,209.66,210.13
2015-02-19,209.41,209.98
2015-02-20,209.48,211.24
2015-02-23,210.94,211.21
2015-02-24,211.12,211.81
2015-02-25,211.66,211.63
2015-02-26,211.52,211.38
2015-02-27,211.26,210.66
2015-03-02,210.78,211.99
2015-03-03,211.47,211.12
2015-03-04,210.4,210.23
2015-03-05,210.62,210.46
2015-03-06,209.42,207.5
2015-03-09,207.74,208.36
2015-03-10,206.71,204.98
2015-03-11,205.29,204.5
2015-03-12,205.26,207.1
2015-03-13,206.77,205.83
2015-03-16,206.71,208.58
2015-03-17,207.69,207.96
2015-03-18,207.39,210.46
2015-03-19,209.96,209.5
2015-03-20,209.71,210.41
2015-03-23,210.42,210.0
2015-03-24,209.85,208.82
2015-03-25,209.07,205.76
2015-03-26,204.96,205.27
2015-03-27,205.13,205.74
2015-03-30,206.98,208.25
2015-03-31,207.26,206.43
2015-04-01,206.39,205.7
2015-04-02,205.62,206.44
2015-04-06,205.37,207.83
2015-04-07,207.86,207.28
2015-04-08,207.55,207.98
2015-04-09,207.78,208.9
2015-04-10,209.2,210.04
2015-04-13,209.87,209.09
2015-04-14,208.85,209.49
2015-04-15,210.05,210.43
2015-04-16,210.03,210.37
2015-04-17,208.94,207.95
2015-04-20,209.06,209.85
2015-04-21,210.67,209.6
2015-04-22,210.01,210.63
2015-04-23,210.15,211.16
2015-04-24,211.66,211.65
2015-04-27,212.33,210.77
2015-04-28,210.74,211.44
2015-04-29,210.37,210.57
2015-04-30,209.88,208.46
2015-05-01,209.4,210.72
2015-05-04,211.23,211.32
2015-05-05,211.03,208.9
2015-05-06,209.56,208.04
2015-05-07,207.92,208.87
2015-05-08,210.88,211.62
2015-05-11,211.57,210.61
2015-05-12,209.61,209.98
2015-05-13,210.47,210.02
2015-05-14,211.24,212.21
2015-05-15,212.44,212.44
2015-05-18,212.24,213.1
2015-05-19,213.24,213.03
2015-05-20,213.15,212.88
2015-05-21,212.71,213.5
2015-05-22,213.04,212.99
2015-05-26,212.4,210.7
2015-05-27,211.25,212.7
2015-05-28,212.33,212.46
2015-05-29,212.38,211.14
2015-06-01,211.94,211.57
2015-06-02,211.02,211.36
2015-06-03,212.0,211.92
2015-06-04,211.07,210.13
2015-06-05,209.95,209.77
2015-06-08,209.64,208.48
2015-06-09,208.45,208.45
2015-06-10,209.37,210.95
2015-06-11,211.48,211.63
2015-06-12,210.64,210.01
2015-06-15,208.64,209.11
2015-06-16,208.93,210.25
2015-06-17,210.59,210.59
2015-06-18,211.31,212.78
2015-06-19,211.46,210.81
2015-06-22,211.91,211.89
2015-06-23,212.14,212.04
2015-06-24,211.72,210.5
2015-06-25,211.1,209.86
2015-06-26,210.29,209.82
2015-06-29,208.05,205.42
2015-06-30,207.26,205.85
2015-07-01,207.73,207.5
2015-07-02,208.07,207.31
2015-07-06,205.77,206.72
2015-07-07,206.96,208.02
2015-07-08,206.42,204.53
2015-07-09,207.04,204.9
2015-07-10,207.29,207.48
2015-07-13,208.99,209.77
2015-07-14,209.72,210.68
2015-07-15,210.73,210.61
2015-07-16,211.87,212.3
2015-07-17,212.29,212.48
2015-07-20,212.75,212.59
2015-07-21,212.43,211.75
2015-07-22,210.93,211.37
2015-07-23,211.53,210.18
2015-07-24,210.3,208.0
2015-07-27,206.94,206.79
2015-07-28,207.79,209.33
2015-07-29,209.48,210.77
2015-07-30,210.16,210.82
2015-07-31,211.42,210.5
2015-08-03,210.46,209.79
2015-08-04,209.7,209.38
2015-08-05,210.45,210.07
2015-08-06,210.29,208.35
2015-08-07,208.16,207.95
2015-08-10,209.28,210.57
2015-08-11,208.97,208.67
2015-08-12,207.11,208.92
2015-08-13,208.73,208.66
2015-08-14,208.43,209.42
2015-08-17,208.71,210.59
2015-08-18,210.26,209.98
2015-08-19,209.09,208.32
2015-08-20,206.51,203.97
2015-08-21,201.73,197.83
2015-08-24,187.49,189.5
2015-08-25,195.43,187.27
2015-08-26,192.08,194.46
2015-08-27,197.02,199.27
2015-08-28,198.5,199.28
2015-08-31,198.11,197.67
2015-09-01,193.12,191.77
2015-09-02,194.62,195.41
2015-09-03,196.26,195.55
2015-09-04,192.85,192.59
2015-09-08,195.94,197.43
2015-09-09,199.32,194.79
2015-09-10,194.56,195.85
2015-09-11,195.38,196.74
2015-09-14,196.95,196.01
2015-09-15,196.61,198.46
2015-09-16,198.82,200.18
2015-09-17,200.02,199.73
2015-09-18,195.71,195.45
2015-09-21,196.44,196.46
2015-09-22,193.88,193.91
2015-09-23,194.11,193.6
2015-09-24,192.15,192.9
2015-09-25,194.64,192.85
2015-09-28,191.78,188.01
2015-09-29,188.27,188.12
2015-09-30,190.37,191.63
2015-10-01,192.08,192.13
2015-10-02,189.77,195.0
2015-10-05,196.46,198.47
2015-10-06,198.31,197.79
2015-10-07,198.9,199.41
2015-10-08,198.95,201.21
2015-10-09,201.38,201.33
2015-10-12,201.42,201.52
2015-10-13,200.65,200.25
2015-10-14,200.18,199.29
2015-10-15,200.08,202.35
2015-10-16,202.83,203.27
2015-10-19,202.5,203.37
2015-10-20,202.85,203.11
2015-10-21,203.61,201.85
2015-10-22,202.98,205.26
2015-10-23,207.25,207.51
2015-10-26,207.3,207.0
2015-10-27,206.2,206.6
2015-10-28,207.0,208.95
2015-10-29,208.35,208.83
2015-10-30,209.06,207.93
2015-11-02,208.32,210.39
2015-11-03,209.97,211.0
2015-11-04,211.35,210.36
2015-11-05,210.43,210.15
2015-11-06,209.74,210.04
2015-11-09,209.31,208.08
2015-11-10,207.51,208.56
2015-11-11,208.88,207.74
2015-11-12,206.5,204.84
2015-11-13,204.35,202.54
2015-11-16,202.32,205.62
2015-11-17,205.99,205.47
2015-11-18,206.04,208.73
2015-11-19,208.59,208.55
2015-11-20,209.45,209.31
2015-11-23,209.38,209.07
2015-11-24,207.87,209.35
2015-11-25,209.5,209.32
2015-11-27,209.43,209.56
2015-11-30,209.75,208.69
2015-12-01,209.44,210.68
2015-12-02,210.62,208.53
2015-12-03,208.83,205.61
2015-12-04,205.61,209.62
2015-12-07,209.23,208.35
2015-12-08,206.49,206.95
2015-12-09,206.19,205.34
2015-12-10,205.42,205.87
2015-12-11,203.35,201.88
2015-12-14,202.07,202.9
2015-12-15,204.7,205.03
2015-12-16,206.37,208.03
2015-12-17,208.4,204.86
2015-12-18,202.77,200.02
2015-12-21,201.41,201.67
2015-12-22,202.72,203.5
2015-12-23,204.69,206.02
2015-12-24,205.72,205.68
2015-12-28,204.86,205.21
2015-12-29,206.51,207.4
2015-12-30,207.11,205.93
2015-12-31,205.13,203.87
2016-01-04,200.49,201.02
2016-01-05,201.4,201.36
2016-01-06,198.34,198.82
2016-01-07,195.33,194.05
2016-01-08,195.19,191.92
2016-01-11,193.01,192.11
2016-01-12,193.82,193.66
2016-01-13,194.45,188.83
2016-01-14,189.55,191.93
2016-01-15,186.77,187.81
2016-01-19,189.96,188.06
2016-01-20,185.03,185.65
2016-01-21,186.21,186.69
2016-01-22,189.78,190.52
2016-01-25,189.92,187.64
2016-01-26,188.42,190.2
2016-01-27,189.58,188.13
2016-01-28,189.96,189.11
2016-01-29,190.02,193.72
2016-02-01,192.53,193.65
2016-02-02,191.96,190.16
2016-02-03,191.41,191.3
2016-02-04,190.71,191.6
2016-02-05,190.99,187.95
2016-02-08,185.77,185.42
2016-02-09,183.36,185.43
2016-02-10,186.41,185.27
2016-02-11,182.34,182.86
2016-02-12,184.96,186.63
2016-02-16,188.77,189.78
2016-02-17,191.16,192.88
2016-02-18,193.2,192.09
2016-02-19,191.17,192.0
2016-02-22,193.87,194.78
2016-02-23,194.0,192.32
2016-02-24,190.63,193.2
2016-02-25,193.73,195.54
2016-02-26,196.57,195.09
2016-02-29,195.11,193.56
2016-03-01,195.01,198.11
2016-03-02,197.74,199.0
2016-03-03,198.79,199.78
2016-03-04,200.01,200.43
2016-03-07,199.34,200.59
2016-03-08,199.32,198.4
2016-03-09,199.36,199.38
2016-03-10,199.96,199.54
2016-03-11,201.26,202.76
2016-03-14,202.16,202.5
2016-03-15,201.36,202.17
2016-03-16,201.6,203.34
2016-03-17,203.24,204.63
2016-03-18,204.17,204.38
2016-03-21,204.07,204.67
2016-03-22,203.76,204.56
2016-03-23,204.11,203.21
2016-03-24,202.0,203.12
2016-03-28,203.61,203.24
2016-03-29,202.76,205.12
2016-03-30,206.3,206.02
2016-03-31,205.91,205.52
2016-04-01,204.35,206.92
2016-04-04,206.83,206.25
2016-04-05,204.67,204.19
2016-04-06,204.19,206.42
2016-04-07,205.14,203.95
2016-04-08,205.34,204.5
2016-04-11,205.25,204.02
2016-04-12,204.22,205.92
2016-04-13,207.0,208.0
2016-04-14,208.07,208.01
2016-04-15,208.01,207.78
2016-04-18,207.78,209.24
2016-04-19,209.74,209.9
2016-04-20,209.95,210.1
2016-04-21,210.12,208.97
2016-04-22,208.55,208.97
2016-04-25,208.26,208.61
2016-04-26,209.04,208.92
2016-04-27,208.47,209.35
2016-04-28,208.46,207.45
2016-04-29,206.72,206.33
2016-05-02,206.92,207.97
2016-05-03,206.52,206.16
2016-05-04,204.99,205.01
2016-05-05,205.56,204.97
2016-05-06,204.06,205.72
2016-05-09,205.57,205.89
2016-05-10,206.72,208.45
2016-05-11,207.91,206.5
2016-05-12,207.29,206.56
2016-05-13,206.21,204.76
2016-05-16,204.96,206.78
2016-05-17,206.46,204.85
2016-05-18,204.44,204.91
2016-05-19,204.06,204.2
2016-05-20,204.92,205.49
2016-05-23,205.51,205.21
2016-05-24,206.17,207.87
2016-05-25,208.67,209.28
2016-05-26,209.44,209.34
2016-05-27,209.53,210.24
2016-05-31,210.56,209.84
2016-06-01,209.12,210.27
2016-06-02,209.8,210.91
2016-06-03,210.25,210.28
2016-06-06,210.7,211.35
2016-06-07,211.53,211.68
2016-06-08,211.84,212.37
2016-06-09,211.51,212.08
2016-06-10,210.46,210.07
2016-06-13,209.36,208.45
2016-06-14,208.0,208.04
2016-06-15,208.04,207.75
2016-06-16,207.75,208.37
2016-06-17,207.17,206.52
2016-06-20,208.82,207.85
2016-06-21,208.3,208.44
2016-06-22,208.65,208.1
2016-06-23,209.81,210.81
2016-06-24,203.63,203.24
2016-06-27,201.59,199.6
2016-06-28,201.48,203.2
2016-06-29,204.84,206.66
2016-06-30,207.21,209.48
2016-07-01,209.48,209.92
2016-07-05,208.95,208.41
2016-07-06,207.83,209.66
2016-07-07,209.87,209.53
2016-07-08,211.05,212.65
2016-07-11,213.19,213.4
2016-07-12,214.53,214.95
2016-07-13,215.44,214.92
2016-07-14,216.4,216.12
2016-07-15,216.78,215.83
2016-07-18,215.97,216.41
2016-07-19,215.92,216.19
2016-07-20,216.19,217.09
2016-07-21,216.96,216.27
2016-07-22,216.41,217.24
2016-07-25,217.0,216.65
2016-07-26,216.53,216.75
2016-07-27,217.19,216.52
2016-07-28,216.29,216.77
2016-07-29,216.46,217.12
2016-08-01,217.19,216.94
2016-08-02,216.65,215.55
2016-08-03,215.48,216.18
2016-08-04,216.31,216.41
2016-08-05,216.41,218.18
2016-08-08,218.4,218.05
2016-08-09,218.13,218.18
2016-08-10,218.31,217.64
2016-08-11,218.26,218.65
2016-08-12,218.29,218.46
2016-08-15,218.89,219.09
2016-08-16,218.6,217.96
2016-08-17,218.0,218.37
2016-08-18,218.34,218.86
2016-08-19,218.31,218.54
2016-08-22,218.26,218.53
2016-08-23,219.25,218.97
2016-08-24,218.8,217.85
2016-08-25,217.4,217.7
2016-08-26,217.92,217.29
2016-08-29,217.44,218.36
2016-08-30,218.26,218.0
2016-08-31,217.61,217.38
2016-09-01,217.37,217.39
2016-09-02,218.39,218.37
2016-09-06,218.7,219.03
2016-09-07,218.84,219.01
2016-09-08,218.62,218.51
2016-09-09,216.97,213.28
2016-09-12,212.39,216.34
2016-09-13,214.84,213.23
2016-09-14,213.29,213.15
2016-09-15,212.96,215.28
2016-09-16,213.48,213.37
2016-09-19,214.13,213.41
2016-09-20,214.41,213.42
2016-09-21,214.24,215.82
2016-09-22,217.0,217.18
2016-09-23,216.72,215.99
2016-09-26,215.02,214.24
2016-09-27,214.05,215.57
2016-09-28,215.83,216.64
2016-09-29,216.4,214.68
2016-09-30,215.65,216.3
2016-10-03,215.82,215.78
2016-10-04,215.91,214.68
2016-10-05,215.41,215.63
2016-10-06,215.37,215.78
2016-10-07,216.1,215.04
2016-10-10,216.16,216.16
2016-10-11,215.66,213.43
2016-10-12,213.59,213.71
2016-10-13,212.16,213.01
2016-10-14,214.15,213.12
2016-10-17,213.09,212.38
2016-10-18,214.24,213.71
2016-10-19,214.02,214.28
2016-10-20,213.87,213.88
2016-10-21,213.88,213.98
2016-10-24,215.0,214.89
2016-10-25,214.68,214.17
2016-10-26,213.21,213.74
2016-10-27,214.58,213.17
2016-10-28,213.14,212.54
2016-10-31,212.93,212.55
2016-11-01,212.93,211.01
2016-11-02,210.65,209.74
2016-11-03,209.99,208.78
2016-11-04,208.91,208.55
2016-11-07,208.55,213.15
2016-11-08,212.69,214.11
2016-11-09,212.37,216.38
2016-11-10,217.3,216.92
2016-11-11,216.08,216.42
2016-11-14,217.03,216.59
2016-11-15,217.04,218.28
2016-11-16,217.56,217.87
2016-11-17,218.05,218.99
2016-11-18,219.07,218.5
2016-11-21,219.17,220.15
2016-11-22,220.51,220.58
2016-11-23,219.98,220.7
2016-11-25,221.1,221.52
2016-11-28,221.16,220.48
2016-11-29,220.52,220.91
2016-11-30,221.63,220.38
2016-12-01,220.73,219.57
2016-12-02,219.67,219.68
2016-12-05,220.65,221.0
2016-12-06,221.22,221.7
2016-12-07,221.52,224.6
2016-12-08,224.57,225.15
2016-12-09,225.41,226.51
2016-12-12,226.4,226.25
2016-12-13,227.02,227.76
2016-12-14,227.41,225.88
2016-12-15,226.16,226.81
2016-12-16,226.01,225.04
2016-12-19,225.25,225.53
2016-12-20,226.15,226.4
2016-12-21,226.25,225.77
2016-12-22,225.6,225.38
2016-12-23,225.43,225.71
2016-12-27,226.02,226.27
2016-12-28,226.57,224.4
2016-12-29,224.48,224.35
2016-12-30,224.73,223.53
2017-01-03,225.04,225.24
2017-01-04,225.62,226.58
2017-01-05,226.27,226.4
2017-01-06,226.53,227.21
2017-01-09,226.91,226.46
2017-01-10,226.48,226.46
2017-01-11,226.36,227.1
2017-01-12,226.5,226.53
2017-01-13,226.73,227.05
2017-01-17,226.31,226.25
2017-01-18,226.54,226.75
2017-01-19,226.84,225.91
2017-01-20,226.7,226.74
2017-01-23,226.74,226.15
2017-01-24,226.4,227.6
2017-01-25,228.7,229.57
2017-01-26,229.4,229.33
2017-01-27,229.42,228.97
2017-01-30,228.17,227.55
2017-01-31,226.98,227.53
2017-02-01,227.53,227.62
2017-02-02,227.62,227.77
2017-02-03,228.82,229.34
2017-02-06,228.87,228.93
2017-02-07,229.38,228.94
2017-02-08,228.94,229.24
2017-02-09,229.24,230.6
2017-02-10,231.0,231.51
2017-02-13,232.08,232.77
2017-02-14,232.56,233.7
2017-02-15,233.45,234.92
2017-02-16,234.95,234.72
2017-02-17,233.95,235.09
2017-02-21,235.52,236.49
2017-02-22,236.02,236.28
2017-02-23,236.88,236.44
2017-02-24,235.46,236.74
2017-02-27,236.64,237.11
2017-02-28,236.67,236.47
2017-03-01,238.39,239.78
2017-03-02,239.56,238.27
2017-03-03,238.17,238.42
2017-03-06,237.5,237.71
2017-03-07,237.36,237.0
2017-03-08,237.34,236.56
2017-03-09,236.7,236.86
2017-03-10,237.97,237.69
2017-03-13,237.62,237.81
2017-03-14,237.18,236.9
2017-03-15,237.56,238.95
2017-03-16,239.11,238.48
2017-03-17,237.75,237.03
2017-03-20,237.03,236.77
2017-03-21,237.47,233.73
2017-03-22,233.77,234.28
2017-03-23,234.28,234.03
2017-03-24,234.38,233.86
2017-03-27,231.93,233.62
2017-03-28,233.27,235.32
2017-03-29,234.99,235.54
2017-03-30,235.47,236.29
2017-03-31,235.9,235.74
2017-04-03,235.8,235.33
2017-04-04,235.0,235.48
2017-04-05,236.26,234.78
2017-04-06,234.94,235.44
2017-04-07,235.15,235.2
2017-04-10,235.36,235.34
2017-04-11,234.9,235.06
2017-04-12,234.74,234.03
2017-04-13,233.64,232.51
2017-04-17,233.11,234.57
2017-04-18,233.72,233.87
2017-04-19,234.52,233.44
2017-04-20,234.15,235.34
2017-04-21,235.25,234.59
2017-04-24,237.18,237.17
2017-04-25,237.91,238.55
2017-04-26,238.51,238.4
2017-04-27,238.77,238.6
2017-04-28,238.9,238.08
2017-05-01,238.68,238.68
2017-05-02,238.84,238.77
2017-05-03,238.77,238.48
2017-05-04,238.83,238.76
2017-05-05,239.19,239.7
2017-05-08,239.75,239.66
2017-05-09,239.96,239.44
2017-05-10,239.39,239.87
2017-05-11,239.35,239.38
2017-05-12,239.09,238.98
2017-05-15,239.47,240.3
2017-05-16,240.64,240.08
2017-05-17,240.08,235.82
2017-05-18,235.73,236.77
2017-05-19,237.33,238.31
2017-05-22,238.9,239.52
2017-05-23,239.95,240.05
2017-05-24,240.32,240.61
2017-05-25,241.2,241.76
2017-05-26,241.54,241.71
2017-05-30,241.34,241.5
2017-05-31,241.84,241.44
2017-06-01,241.97,243.36
2017-06-02,243.42,244.17
2017-06-05,243.97,243.99
2017-06-06,243.34,243.21
2017-06-07,243.6,243.66
2017-06-08,243.77,243.78
2017-06-09,244.09,243.41
2017-06-12,243.13,243.36
2017-06-13,243.98,244.55
2017-06-14,244.86,244.24
2017-06-15,242.68,243.77
2017-06-16,242.77,242.64
2017-06-19,243.59,244.66
2017-06-20,244.25,243.01
2017-06-21,243.46,242.95
2017-06-22,242.96,242.84
2017-06-23,242.91,243.13
2017-06-26,243.9,243.29
2017-06-27,243.04,241.33
2017-06-28,242.5,243.49
2017-06-29,243.66,241.35
2017-06-30,242.28,241.8
2017-07-03,242.88,242.21
2017-07-05,242.63,242.77
2017-07-06,241.89,240.55
2017-07-07,241.21,242.11
2017-07-10,242.11,242.37
2017-07-11,242.37,242.19
2017-07-12,243.3,244.01
2017-07-13,244.02,244.42
2017-07-14,244.42,245.56
2017-07-17,245.47,245.53
2017-07-18,245.06,245.66
2017-07-19,246.02,246.99
2017-07-20,247.28,247.1
2017-07-21,246.44,246.88
2017-07-24,246.79,246.82
2017-07-25,247.68,247.42
2017-07-26,247.75,247.43
2017-07-27,247.96,247.2
2017-07-28,246.65,246.91
2017-07-31,247.37,246.77
2017-08-01,247.46,247.32
2017-08-02,247.47,247.44
2017-08-03,247.31,246.96
2017-08-04,247.52,247.41
2017-08-07,247.49,247.87
2017-08-08,247.51,247.26
2017-08-09,246.47,247.25
2017-08-10,246.29,243.76
2017-08-11,244.02,244.12
2017-08-14,245.59,246.54
2017-08-15,246.98,246.51
2017-08-16,247.11,246.94
2017-08-17,246.24,243.09
2017-08-18,242.9,242.71
2017-08-21,242.64,242.9
2017-08-22,243.57,245.44
2017-08-23,244.33,244.56
2017-08-24,245.0,243.99
2017-08-25,244.9,244.56
2017-08-28,245.17,244.57
2017-08-29,243.06,244.85
2017-08-30,244.83,246.01
2017-08-31,246.72,247.49
2017-09-01,247.92,247.84
2017-09-05,247.26,246.06
2017-09-06,246.84,246.9
2017-09-07,247.25,246.87
2017-09-08,246.54,246.58
2017-09-11,248.04,249.21
2017-09-12,249.63,250.05
2017-09-13,249.72,250.17
2017-09-14,249.8,250.09
2017-09-15,248.69,249.19
2017-09-18,249.61,249.72
2017-09-19,250.0,249.97
2017-09-20,250.07,250.06
2017-09-21,249.88,249.39
2017-09-22,249.05,249.44
2017-09-25,249.15,248.93
2017-09-26,249.42,249.08
2017-09-27,249.88,250.05
2017-09-28,249.73,250.35
2017-09-29,250.34,251.23
2017-10-02,251.49,252.32
2017-10-03,252.32,252.86
2017-10-04,252.69,253.16
2017-10-05,253.54,254.66
2017-10-06,254.15,254.37
2017-10-09,254.63,253.95
2017-10-10,254.6,254.62
2017-10-11,254.51,255.02
2017-10-12,254.66,254.64
2017-10-13,255.14,254.95
2017-10-16,255.21,255.29
2017-10-17,255.23,255.47
2017-10-18,255.9,255.72
2017-10-19,254.83,255.79
2017-10-20,256.7,257.11
2017-10-23,257.48,256.11
2017-10-24,256.6,256.56
2017-10-25,256.18,255.29
2017-10-26,255.99,255.62
2017-10-27,256.47,257.71
2017-10-30,256.47,256.75
2017-10-31,257.18,257.15
2017-11-01,258.04,257.49
2017-11-02,257.41,257.59
2017-11-03,257.77,258.45
2017-11-06,258.3,258.85
2017-11-07,258.97,258.67
2017-11-08,258.47,259.11
2017-11-09,257.73,258.17
2017-11-10,257.73,258.09
2017-11-13,257.31,258.33
2017-11-14,257.41,257.73
2017-11-15,256.62,256.44
2017-11-16,257.52,258.62
2017-11-17,258.22,257.86
2017-11-20,258.14,258.3
2017-11-21,259.18,259.99
2017-11-22,260.0,259.76
2017-11-24,260.32,260.36
2017-11-27,260.41,260.23
2017-11-28,260.76,262.87
2017-11-29,263.02,262.71
2017-11-30,263.76,265.01
2017-12-01,264.76,264.46
2017-12-04,266.31,264.14
2017-12-05,263.19,263.19
2017-12-06,263.3,263.24
2017-12-07,264.07,264.07
2017-12-08,265.16,265.51
2017-12-11,266.31,266.31
2017-12-12,267.21,266.78
2017-12-13,267.06,266.75
2017-12-14,267.09,265.66
2017-12-15,265.45,266.51
2017-12-18,268.1,268.2
2017-12-19,268.48,267.17
2017-12-20,268.27,267.03
2017-12-21,267.74,267.58
2017-12-22,267.6,267.51
2017-12-26,267.05,267.19
2017-12-27,267.38,267.32
2017-12-28,267.89,267.87
2017-12-29,268.53,266.86
2018-01-02,267.84,268.77
2018-01-03,268.96,270.47
2018-01-04,271.2,271.61
2018-01-05,272.51,273.42
2018-01-08,273.31,273.92
2018-01-09,274.4,274.54
2018-01-10,273.68,274.12
2018-01-11,274.75,276.12
2018-01-12,276.42,277.92
2018-01-16,279.35,276.97
2018-01-17,278.03,279.61
2018-01-18,279.48,279.14
2018-01-19,279.8,280.41
2018-01-22,280.17,282.69
2018-01-23,282.74,283.29
2018-01-24,284.02,283.18
2018-01-25,284.16,283.3
2018-01-26,284.25,286.58
2018-01-29,285.93,284.68
2018-01-30,282.6,281.76
2018-01-31,282.73,281.9
2018-02-01,281.07,281.58
2018-02-02,280.08,275.45
2018-02-05,273.45,263.93
2018-02-06,259.94,269.13
2018-02-07,268.5,267.67
2018-02-08,268.01,257.63
2018-02-09,260.8,261.5
2018-02-12,263.83,265.34
2018-02-13,263.97,266.0
2018-02-14,264.31,269.59
2018-02-15,271.57,273.03
2018-02-16,272.32,273.11
2018-02-20,272.03,271.4
2018-02-21,271.9,270.05
2018-02-22,271.1,270.4
2018-02-23,271.79,274.71
2018-02-26,275.93,277.9
2018-02-27,278.11,274.43
2018-02-28,275.68,271.65
2018-03-01,271.41,267.7
2018-03-02,265.8,269.08
2018-03-05,267.73,272.19
2018-03-06,273.3,272.88
2018-03-07,270.42,272.78
2018-03-08,273.55,274.1
2018-03-09,275.7,278.87
2018-03-12,279.2,278.52
2018-03-13,279.84,276.72
2018-03-14,277.81,275.3
2018-03-15,275.88,275.0
2018-03-16,274.5,274.2
2018-03-19,273.35,270.49
2018-03-20,270.94,270.95
2018-03-21,270.9,270.43
2018-03-22,267.91,263.67
2018-03-23,264.17,258.05
2018-03-26,262.13,265.11
2018-03-27,266.17,260.6
2018-03-28,260.75,259.83
2018-03-29,261.12,263.15
2018-04-02,262.55,257.47
2018-04-03,258.87,260.77
2018-04-04,256.75,263.56
2018-04-05,265.55,265.64
2018-04-06,263.42,259.72
2018-04-09,261.37,261.0
2018-04-10,264.27,265.15
2018-04-11,263.47,263.76
2018-04-12,265.26,265.93
2018-04-13,267.41,265.15
2018-04-16,267.0,267.33
2018-04-17,269.33,270.19
2018-04-18,270.69,270.39
2018-04-19,269.65,268.89
2018-04-20,268.81,266.61
2018-04-23,267.26,266.57
2018-04-24,267.73,262.98
2018-04-25,262.91,263.63
2018-04-26,264.79,266.31
2018-04-27,267.0,266.56
2018-04-30,267.26,264.51
2018-05-01,263.87,264.98
2018-05-02,264.76,263.2
2018-05-03,262.26,262.62
2018-05-04,261.52,266.02
2018-05-07,266.89,266.92
2018-05-08,266.5,266.92
2018-05-09,267.68,269.5
2018-05-10,270.34,272.02
2018-05-11,272.16,272.85
2018-05-14,273.34,272.98
2018-05-15,271.59,271.1
2018-05-16,271.14,272.24
2018-05-17,271.94,272.01
2018-05-18,271.62,271.33
2018-05-21,273.01,273.37
2018-05-22,273.96,272.61
2018-05-23,271.17,273.36
2018-05-24,272.91,272.8
2018-05-25,272.15,272.15
2018-05-29,270.31,269.02
2018-05-30,270.5,272.61
2018-05-31,272.15,270.94
2018-06-01,272.41,273.6
2018-06-04,274.53,274.9
2018-06-05,275.05,275.1
2018-06-06,275.79,277.4
2018-06-07,277.95,277.37
2018-06-08,276.85,278.19
2018-06-11,278.44,278.56
2018-06-12,279.03,278.92
2018-06-13,279.19,278.03
2018-06-14,279.01,278.73
2018-06-15,276.6,277.13
2018-06-18,275.49,276.56
2018-06-19,274.0,275.5
2018-06-20,276.27,275.97
2018-06-21,275.96,274.24
2018-06-22,275.66,274.74
2018-06-25,273.44,271.0
2018-06-26,271.64,271.6
2018-06-27,272.26,269.35
2018-06-28,269.29,270.89
2018-06-29,272.12,271.28
2018-07-02,269.51,271.86
2018-07-03,272.87,270.9
2018-07-05,272.17,273.11
2018-07-06,273.14,275.42
2018-07-09,276.55,277.9
2018-07-10,278.41,278.9
2018-07-11,277.15,276.86
2018-07-12,278.28,279.37
2018-07-13,279.17,279.59
2018-07-16,279.64,279.34
2018-07-17,278.47,280.47
2018-07-18,280.56,281.06
2018-07-19,280.31,280.0
2018-07-20,279.77,279.68
2018-07-23,279.45,280.2
2018-07-24,281.79,281.61
2018-07-25,281.33,284.01
2018-07-26,283.2,283.34
2018-07-27,283.71,281.42
2018-07-30,281.51,279.95
2018-07-31,280.81,281.33
2018-08-01,281.56,280.86
2018-08-02,279.39,282.39
2018-08-03,282.53,283.6
2018-08-06,283.64,284.64
2018-08-07,285.39,285.58
2018-08-08,285.39,285.46
2018-08-09,285.53,285.07
2018-08-10,283.45,283.16
2018-08-13,283.47,282.1
2018-08-14,282.92,283.9
2018-08-15,282.38,281.78
2018-08-16,283.4,284.06
2018-08-17,283.83,285.06
2018-08-20,285.57,285.67
2018-08-21,286.25,286.34
2018-08-22,285.88,286.17
2018-08-23,285.97,285.79
2018-08-24,286.44,287.51
2018-08-27,288.86,289.78
2018-08-28,290.3,289.92
2018-08-29,290.16,291.48
2018-08-30,290.94,290.3
2018-08-31,289.84,290.31
2018-09-04,289.84,289.81
2018-09-05,289.41,289.03
2018-09-06,289.15,288.16
2018-09-07,286.98,287.6
2018-09-10,288.74,288.1
2018-09-11,287.37,289.05
2018-09-12,289.06,289.12
2018-09-13,290.32,290.83
2018-09-14,291.06,290.88
2018-09-17,290.82,289.34
2018-09-18,289.58,290.91
2018-09-19,290.97,291.22
2018-09-20,292.64,293.58
2018-09-21,293.09,291.99
2018-09-24,291.34,291.02
2018-09-25,291.53,290.75
2018-09-26,290.91,289.88
2018-09-27,290.41,290.69
2018-09-28,289.99,290.72
2018-10-01,292.11,291.73
2018-10-02,291.56,291.56
2018-10-03,292.74,291.72
2018-10-04,291.18,289.44
2018-10-05,289.69,287.82
2018-10-08,287.05,287.82
2018-10-09,287.39,287.4
2018-10-10,286.83,278.3
2018-10-11,277.08,272.17
2018-10-12,276.77,275.95
2018-10-15,275.55,274.4
2018-10-16,276.6,280.4
2018-10-17,280.44,280.45
2018-10-18,279.4,276.4
2018-10-19,277.13,276.25
2018-10-22,277.0,275.01
2018-10-23,270.95,273.61
2018-10-24,273.33,265.32
2018-10-25,267.38,270.08
2018-10-26,265.92,265.33
2018-10-29,268.8,263.86
2018-10-30,263.67,267.77
2018-10-31,270.65,270.63
2018-11-01,271.6,273.51
2018-11-02,274.75,271.89
2018-11-05,272.44,273.39
2018-11-06,273.32,275.12
2018-11-07,277.56,281.01
2018-11-08,280.11,280.5
2018-11-09,279.03,277.76
2018-11-12,277.19,272.57
2018-11-13,273.09,272.06
2018-11-14,274.16,270.2
2018-11-15,268.78,273.02
2018-11-16,271.79,273.73
2018-11-19,273.05,269.1
2018-11-20,265.36,264.12
2018-11-21,265.86,265.02
2018-11-23,263.18,263.25
2018-11-26,265.78,267.5
2018-11-27,266.34,268.4
2018-11-28,269.6,274.58
2018-11-29,273.71,273.98
2018-11-30,273.81,275.65
2018-12-03,280.28,279.3
2018-12-04,278.37,270.25
2018-12-06,265.92,269.84
2018-12-07,269.46,263.57
2018-12-10,263.37,264.07
2018-12-11,267.66,264.13
2018-12-12,267.47,265.46
2018-12-13,266.52,265.37
2018-12-14,262.96,260.47
2018-12-17,259.4,255.36
2018-12-18,257.2,255.08
2018-12-19,255.17,251.26
2018-12-20,249.86,247.17
2018-12-21,246.74,240.7
2018-12-24,239.04,234.34
2018-12-26,235.97,246.18
2018-12-27,242.57,248.07
2018-12-28,249.58,247.75
2018-12-31,249.56,249.92
2019-01-02,245.98,250.18
2019-01-03,248.23,244.21
2019-01-04,247.59,252.39
2019-01-07,252.69,254.38
2019-01-08,256.82,256.77
2019-01-09,257.56,257.97
2019-01-10,256.26,258.88
2019-01-11,257.68,258.98
2019-01-14,256.86,257.4
2019-01-15,257.82,260.35
2019-01-16,260.83,260.98
2019-01-17,260.01,262.96
2019-01-18,264.98,266.46
2019-01-22,264.82,262.86
2019-01-23,264.01,263.41
2019-01-24,263.21,263.55
2019-01-25,265.61,265.78
2019-01-28,263.39,263.76
2019-01-29,263.92,263.41
2019-01-30,265.1,267.58
2019-01-31,267.51,269.93
2019-02-01,270.15,270.06
2019-02-04,270.11,271.96
2019-02-05,272.44,273.1
2019-02-06,272.79,272.74
2019-02-07,270.94,270.14
2019-02-08,268.75,270.47
2019-02-11,271.2,270.62
2019-02-12,272.42,274.1
2019-02-13,275.03,274.99
2019-02-14,273.78,274.38
2019-02-15,276.36,277.37
2019-02-19,276.48,277.85
2019-02-20,277.81,278.41
2019-02-21,277.7,277.42
2019-02-22,278.11,279.14
2019-02-25,280.73,279.52
2019-02-26,279.13,279.32
2019-02-27,278.52,279.2
2019-02-28,278.96,278.68
2019-03-01,280.44,280.42
2019-03-04,281.6,279.4
2019-03-05,279.54,279.02
2019-03-06,279.15,277.33
2019-03-07,276.83,275.01
2019-03-08,272.94,274.46
2019-03-11,275.26,278.44
2019-03-12,279.06,279.49
2019-03-13,280.48,281.34
2019-03-14,281.37,281.16
2019-03-15,280.54,281.31
2019-03-18,281.55,282.33
2019-03-19,283.51,282.4
2019-03-20,282.16,281.55
2019-03-21,280.64,284.73
2019-03-22,283.22,279.25
2019-03-25,278.87,279.04
2019-03-26,280.99,281.12
2019-03-27,281.11,279.65
2019-03-28,280.35,280.71
2019-03-29,282.39,282.48
2019-04-01,284.7,285.83
2019-04-02,286.04,285.97
2019-04-03,287.32,286.42
2019-04-04,286.78,287.18
2019-04-05,287.92,288.57
2019-04-08,288.1,288.79
2019-04-09,287.72,287.31
2019-04-10,287.77,288.29
2019-04-11,288.83,288.21
2019-04-12,290.0,290.16
2019-04-15,290.24,289.97
2019-04-16,290.95,290.16
2019-04-17,291.4,289.45
2019-04-18,290.1,290.02
2019-04-22,289.17,290.27
2019-04-23,290.68,292.88
2019-04-24,292.79,292.23
2019-04-25,292.12,292.05
2019-04-26,292.1,293.41
2019-04-29,293.51,293.87
2019-04-30,293.49,294.02
2019-05-01,294.72,291.81
2019-05-02,291.68,291.18
2019-05-03,292.82,294.03
2019-05-06,289.25,292.82
2019-05-07,290.15,287.93
2019-05-08,287.53,287.53
2019-05-09,285.23,286.66
2019-05-10,285.62,288.1
2019-05-13,282.42,280.86
2019-05-14,281.99,283.4
2019-05-15,281.59,285.06
2019-05-16,285.84,287.7
2019-05-17,285.14,285.84
2019-05-20,284.06,283.95
2019-05-21,285.83,286.51
2019-05-22,285.45,285.63
2019-05-23,283.16,282.14
2019-05-24,283.74,282.78
2019-05-28,283.09,280.15
2019-05-29,278.91,278.27
2019-05-30,279.11,279.03
2019-05-31,276.2,275.27
2019-06-03,275.31,274.57
2019-06-04,277.12,280.53
2019-06-05,282.33,282.96
2019-06-06,283.29,284.8
2019-06-07,285.93,287.65
2019-06-10,289.37,288.97
2019-06-11,290.99,288.9
2019-06-12,288.64,288.39
2019-06-13,289.4,289.58
2019-06-14,289.26,289.26
2019-06-17,289.52,289.37
2019-06-18,291.39,292.4
2019-06-19,292.55,293.06
2019-06-20,296.04,295.86
2019-06-21,294.13,294.0
2019-06-24,294.23,293.64
2019-06-25,293.7,290.76
2019-06-26,291.75,290.47
2019-06-27,291.31,291.5
2019-06-28,292.58,293.0
2019-07-01,296.68,295.66
2019-07-02,295.61,296.43
2019-07-03,297.18,298.8
2019-07-05,297.44,298.46
2019-07-08,297.01,296.82
2019-07-09,295.54,297.19
2019-07-10,298.37,298.61
2019-07-11,299.32,299.31
2019-07-12,299.85,300.65
2019-07-15,301.13,300.75
2019-07-16,300.65,299.78
2019-07-17,299.75,297.74
2019-07-18,297.19,298.83
2019-07-19,300.04,297.17
2019-07-22,297.61,297.9
2019-07-23,299.14,300.03
2019-07-24,299.19,301.44
2019-07-25,300.94,300.0
2019-07-26,300.76,302.01
2019-07-29,301.88,301.46
2019-07-30,299.91,300.72
2019-07-31,300.99,297.43
2019-08-01,297.6,294.84
2019-08-02,293.85,292.62
2019-08-05,288.09,283.82
2019-08-06,285.91,287.8
2019-08-07,284.4,287.97
2019-08-08,289.62,293.62
2019-08-09,292.58,291.62
2019-08-12,289.96,288.07
2019-08-13,287.74,292.55
2019-08-14,288.07,283.9
2019-08-15,284.88,284.65
2019-08-16,286.48,288.85
2019-08-19,292.19,292.33
2019-08-20,291.77,290.09
2019-08-21,292.48,292.45
2019-08-22,293.23,292.36
2019-08-23,290.92,284.85
2019-08-26,287.27,288.0
2019-08-27,289.54,286.87
2019-08-28,286.14,288.89
2019-08-29,291.72,292.58
2019-08-30,294.22,292.45
2019-09-03,290.57,290.74
2019-09-04,293.14,294.04
2019-09-05,296.79,297.82
2019-09-06,298.17,298.05
2019-09-09,299.14,298.2
2019-09-10,297.36,298.13
2019-09-11,298.47,300.25
2019-09-12,301.25,301.29
2019-09-13,301.78,301.09
2019-09-16,299.84,300.16
2019-09-17,299.94,300.92
2019-09-18,300.49,301.1
2019-09-19,301.53,301.08
2019-09-20,300.36,298.28
2019-09-23,297.55,298.21
2019-09-24,299.41,295.87
2019-09-25,295.96,297.62
2019-09-26,297.63,297.0
2019-09-27,297.83,295.4
2019-09-30,295.97,296.77
2019-10-01,297.74,293.24
2019-10-02,291.5,288.06
2019-10-03,287.81,290.42
2019-10-04,291.14,294.35
2019-10-07,293.47,293.08
2019-10-08,291.04,288.53
2019-10-09,290.75,291.27
2019-10-10,291.18,293.24
2019-10-11,296.27,296.28
2019-10-14,295.93,295.95
2019-10-15,297.1,298.88
2019-10-16,298.37,298.4
2019-10-17,299.68,299.28
2019-10-18,298.69,297.97
2019-10-21,299.42,299.99
2019-10-22,300.58,299.01
2019-10-23,298.73,299.88
2019-10-24,300.91,300.37
2019-10-25,299.74,301.6
2019-10-28,302.94,303.3
2019-10-29,303.0,303.21
2019-10-30,303.43,304.14
2019-10-31,304.13,303.33
2019-11-01,304.92,306.14
2019-11-04,307.85,307.37
2019-11-05,307.59,307.03
2019-11-06,307.03,307.1
2019-11-07,308.57,308.18
2019-11-08,307.8,308.94
2019-11-11,307.42,308.35
2019-11-12,308.75,309.0
2019-11-13,307.91,309.1
2019-11-14,308.79,309.55
2019-11-15,311.02,311.79
2019-11-18,311.53,312.02
2019-11-19,312.68,311.93
2019-11-20,311.28,310.77
2019-11-21,310.89,310.27
2019-11-22,311.09,310.96
2019-11-25,311.98,313.37
2019-11-26,313.41,314.08
2019-11-27,314.61,315.48
2019-11-29,314.86,314.31
2019-12-02,314.59,311.64
2019-12-03,308.65,309.55
2019-12-04,310.7,311.46
2019-12-05,312.23,312.02
2019-12-06,314.12,314.87
2019-12-09,314.44,313.88
2019-12-10,313.82,313.53
2019-12-11,314.03,314.42
2019-12-12,314.43,317.13
2019-12-13,316.87,317.32
2019-12-16,319.22,319.5
2019-12-17,319.92,319.57
2019-12-18,320.0,319.59
2019-12-19,319.8,320.9
2019-12-20,320.46,320.73
2019-12-23,321.59,321.22
2019-12-24,321.47,321.23
2019-12-26,321.65,322.94
2019-12-27,323.74,322.86
2019-12-30,322.95,321.08
2019-12-31,320.53,321.86
2020-01-02,323.54,324.87
2020-01-03,321.16,322.41
2020-01-06,320.49,323.64
2020-01-07,323.02,322.73
2020-01-08,322.94,324.45
2020-01-09,326.16,326.65
2020-01-10,327.29,325.71
2020-01-13,326.39,327.95
2020-01-14,327.47,327.45
2020-01-15,327.35,328.19
2020-01-16,329.7,330.92
2020-01-17,331.7,331.95
2020-01-21,330.9,331.3
2020-01-22,332.24,331.34
2020-01-23,330.63,331.72
2020-01-24,332.44,328.77
2020-01-27,323.03,323.5
2020-01-28,325.06,326.89
2020-01-29,328.38,326.62
2020-01-30,324.36,327.68
2020-01-31,327.0,321.73
2020-02-03,323.35,324.12
2020-02-04,328.07,329.06
2020-02-05,332.27,332.86
2020-02-06,333.91,333.98
2020-02-07,332.82,332.2
2020-02-10,331.23,334.68
2020-02-11,336.16,335.26
2020-02-12,336.83,337.42
2020-02-13,335.86,337.06
2020-02-14,337.51,337.6
2020-02-18,336.51,336.73
2020-02-19,337.79,338.34
2020-02-20,337.74,336.95
2020-02-21,335.47,333.48
2020-02-24,323.14,322.42
2020-02-25,323.94,312.65
2020-02-26,314.18,311.5
2020-02-27,305.46,297.51
2020-02-28,288.7,296.26
2020-03-02,298.21,309.09
2020-03-03,309.5,300.24
2020-03-04,306.12,312.86
2020-03-05,304.98,302.46
2020-03-06,293.15,297.46
2020-03-09,275.3,274.23
2020-03-10,284.64,288.42
2020-03-11,280.7,274.36
2020-03-12,256.0,248.11
2020-03-13,263.09,269.32
2020-03-16,241.18,239.85
2020-03-17,245.04,252.8
2020-03-18,236.25,240.0
2020-03-19,239.25,240.51
2020-03-20,242.53,228.8
2020-03-23,228.19,222.95
2020-03-24,234.42,243.15
2020-03-25,244.87,246.79
2020-03-26,249.52,261.2
2020-03-27,253.27,253.42
2020-03-30,255.7,261.65
2020-03-31,260.56,257.75
2020-04-01,247.98,246.15
2020-04-02,245.19,251.83
2020-04-03,250.76,248.19
2020-04-06,257.84,264.86
2020-04-07,274.21,265.13
2020-04-08,267.96,274.03
2020-04-09,277.58,278.2
2020-04-13,277.14,275.66
2020-04-14,280.98,283.79
2020-04-15,277.57,277.76
2020-04-16,279.15,279.1
2020-04-17,285.38,286.64
2020-04-20,282.61,281.59
2020-04-21,276.73,273.04
2020-04-22,278.35,279.1
2020-04-23,280.49,279.08
2020-04-24,280.73,282.97
2020-04-27,285.12,287.05
2020-04-28,291.02,285.73
2020-04-29,291.53,293.21
2020-04-30,291.71,290.48
2020-05-01,285.31,282.79
2020-05-04,280.74,283.57
2020-05-05,286.64,286.19
2020-05-06,288.04,284.25
2020-05-07,287.75,287.68
2020-05-08,291.09,292.44
2020-05-11,290.34,292.5
2020-05-12,293.79,286.67
2020-05-13,286.06,281.6
2020-05-14,278.95,284.97
2020-05-15,282.37,286.28
2020-05-18,293.05,295.0
2020-05-19,294.35,291.97
2020-05-20,295.82,296.93
2020-05-21,296.79,294.88
2020-05-22,294.57,295.44
2020-05-26,301.93,299.08
2020-05-27,302.12,303.53
2020-05-28,304.65,302.97
2020-05-29,302.46,304.32
2020-06-01,303.62,305.55
2020-06-02,306.55,308.08
2020-06-03,310.24,312.18
2020-06-04,311.11,311.36
2020-06-05,317.23,319.34
2020-06-08,320.22,323.2
2020-06-09,320.3,320.79
2020-06-10,321.42,319.0
2020-06-11,311.46,300.61
2020-06-12,308.24,304.21
2020-06-15,298.02,307.05
2020-06-16,315.48,312.96
2020-06-17,314.07,311.66
2020-06-18,310.01,311.78
2020-06-19,314.17,308.64
2020-06-22,307.99,310.62
2020-06-23,313.49,312.05
2020-06-24,309.84,304.09
2020-06-25,303.47,307.35
2020-06-26,306.16,300.05
2020-06-29,301.41,304.46
2020-06-30,303.99,308.36
2020-07-01,309.57,310.52
2020-07-02,314.24,312.23
2020-07-06,316.37,317.05
2020-07-07,315.38,313.78
2020-07-08,314.61,316.18
2020-07-09,316.84,314.38
2020-07-10,314.31,317.59
2020-07-13,320.13,314.84
2020-07-14,313.3,318.92
2020-07-15,322.41,321.85
2020-07-16,319.79,320.79
2020-07-17,321.88,321.72
2020-07-20,321.43,324.32
2020-07-21,326.45,325.01
2020-07-22,324.62,326.86
2020-07-23,326.47,322.96
2020-07-24,320.95,320.88
2020-07-27,321.63,323.22
2020-07-28,322.43,321.17
2020-07-29,322.12,325.12
2020-07-30,321.9,323.96
2020-07-31,325.9,326.52
2020-08-03,328.32,328.79
2020-08-04,327.86,330.06
2020-08-05,331.47,332.11
2020-08-06,331.48,334.33
2020-08-07,333.28,334.57
2020-08-10,335.06,335.57
2020-08-11,336.85,332.8
2020-08-12,335.44,337.44
2020-08-13,336.61,336.83
2020-08-14,336.41,336.84
2020-08-17,337.94,337.91
2020-08-18,338.34,338.64
2020-08-19,339.05,337.23
2020-08-20,335.36,338.28
2020-08-21,337.92,339.48
2020-08-24,342.12,342.92
2020-08-25,343.53,344.12
2020-08-26,344.76,347.57
2020-08-27,348.51,348.33
2020-08-28,349.44,350.58
2020-08-31,350.35,349.31
2020-09-01,350.21,352.6
2020-09-02,354.67,357.7
2020-09-03,355.87,345.39
2020-09-04,346.13,342.57
2020-09-08,336.71,333.21
2020-09-09,337.55,339.79
2020-09-10,341.82,333.89
2020-09-11,335.82,334.06
2020-09-14,337.49,338.46
2020-09-15,341.12,340.17
2020-09-16,341.51,338.82
2020-09-17,333.56,335.84
2020-09-18,335.37,330.65
2020-09-21,325.7,326.97
2020-09-22,328.57,330.3
2020-09-23,330.9,322.64
2020-09-24,321.22,323.5
2020-09-25,322.58,328.73
2020-09-28,333.22,334.19
2020-09-29,333.97,332.37
2020-09-30,333.09,334.89
2020-10-01,337.69,337.04
2020-10-02,331.7,333.84
2020-10-05,336.06,339.76
2020-10-06,339.91,334.93
2020-10-07,338.12,340.76
2020-10-08,342.85,343.78
2020-10-09,345.56,346.85
2020-10-12,349.59,352.43
2020-10-13,352.28,350.13
2020-10-14,350.75,347.93
2020-10-15,343.71,347.5
2020-10-16,348.96,347.29
2020-10-19,348.65,342.01
2020-10-20,343.46,343.38
2020-10-21,343.33,342.73
2020-10-22,342.96,344.61
2020-10-23,345.93,345.78
2020-10-26,342.13,339.39
2020-10-27,339.76,338.22
2020-10-28,332.1,326.66
2020-10-29,326.91,329.98
2020-10-30,328.28,326.54
2020-11-02,330.2,330.2
2020-11-03,333.69,336.03
2020-11-04,340.86,343.54
2020-11-05,349.24,350.24
2020-11-06,349.93,350.16
2020-11-09,363.97,354.56
2020-11-10,353.49,354.04
2020-11-11,356.4,356.67
2020-11-12,355.58,353.21
2020-11-13,355.27,358.1
2020-11-16,360.98,362.57
2020-11-17,359.97,360.62
2020-11-18,360.91,356.28
2020-11-19,355.6,357.78
2020-11-20,357.5,355.33
2020-11-23,357.28,357.46
2020-11-24,360.21,363.22
2020-11-25,363.13,362.66
2020-11-27,363.84,363.67
2020-11-30,362.83,362.06
2020-12-01,365.57,366.02
2020-12-02,364.82,366.79
2020-12-03,366.68,366.69
2020-12-04,367.32,369.85
2020-12-07,369.02,369.09
2020-12-08,367.72,370.17
2020-12-09,370.88,366.85
2020-12-10,365.37,366.73
2020-12-11,364.9,366.3
2020-12-14,368.64,364.66
2020-12-15,367.4,369.59
2020-12-16,369.82,370.17
2020-12-17,371.94,372.24
2020-12-18,370.97,369.18
2020-12-21,364.97,367.86
2020-12-22,368.21,367.24
2020-12-23,368.28,367.57
2020-12-24,368.08,369.0
2020-12-28,371.74,372.17
2020-12-29,373.81,371.46
2020-12-30,372.34,371.99
2020-12-31,371.78,373.88
2021-01-04,375.31,368.79
2021-01-05,368.1,371.33
2021-01-06,369.71,373.55
2021-01-07,376.1,379.1
2021-01-08,380.59,381.26
2021-01-11,377.85,378.69
2021-01-12,378.89,378.77
2021-01-13,378.69,379.79
2021-01-14,380.59,378.46
2021-01-15,376.72,375.7
2021-01-19,378.34,378.65
2021-01-20,381.11,383.89
2021-01-21,384.49,384.24
2021-01-22,382.25,382.88
2021-01-25,383.67,384.39
2021-01-26,385.41,383.79
2021-01-27,380.22,374.41
2021-01-28,376.36,377.63
2021-01-29,375.63,370.07
2021-02-01,373.72,376.23
2021-02-02,379.65,381.55
2021-02-03,382.44,381.85
2021-02-04,382.96,386.19
2021-02-05,388.2,387.71
2021-02-08,389.27,390.51
2021-02-09,389.61,390.25
2021-02-10,392.12,390.08
2021-02-11,391.24,390.71
2021-02-12,389.85,392.64
2021-02-16,393.96,392.3
2021-02-17,390.42,392.39
2021-02-18,389.59,390.72
2021-02-19,392.07,390.03
2021-02-22,387.06,387.03
2021-02-23,384.66,387.5
2021-02-24,386.33,391.77
2021-02-25,390.41,382.33
2021-02-26,384.35,380.36
2021-03-01,385.59,389.58
2021-03-02,389.82,386.54
2021-03-03,385.79,381.42
2021-03-04,381.22,376.7
2021-03-05,380.46,383.63
2021-03-08,384.66,381.72
2021-03-09,385.85,387.17
2021-03-10,389.69,389.58
2021-03-11,392.23,393.53
2021-03-12,392.07,394.06
2021-03-15,394.33,396.41
2021-03-16,397.07,395.91
2021-03-17,394.53,397.26
2021-03-18,394.48,391.48
2021-03-19,389.88,389.48
2021-03-22,390.03,392.59
2021-03-23,391.91,389.5
2021-03-24,391.0,387.52
2021-03-25,385.98,389.7
2021-03-26,390.93,395.98
2021-03-29,394.4,395.78
2021-03-30,394.42,394.73
2021-03-31,395.34,396.33
2021-04-01,398.4,400.61
2021-04-05,403.46,406.36
2021-04-06,405.76,406.12
2021-04-07,405.94,406.59
2021-04-08,407.93,408.52
2021-04-09,408.39,411.49
2021-04-12,410.85,411.64
2021-04-13,411.53,412.86
2021-04-14,412.83,411.45
2021-04-15,413.74,415.87
2021-04-16,417.25,417.26
2021-04-19,416.26,415.21
2021-04-20,413.91,412.17
2021-04-21,411.51,416.07
2021-04-22,415.89,412.27
2021-04-23,412.87,416.74
2021-04-26,417.44,417.61
2021-04-27,417.93,417.52
2021-04-28,417.81,417.4
2021-04-29,420.32,420.06
2021-04-30,417.63,417.3
2021-05-03,419.43,418.2
2021-05-04,416.07,415.62
2021-05-05,417.38,415.75
2021-05-06,415.83,419.07
2021-05-07,419.89,422.12
2021-05-10,422.5,417.94
2021-05-11,413.1,414.21
2021-05-12,411.23,405.41
2021-05-13,407.07,410.28
2021-05-14,413.21,416.58
2021-05-17,415.39,415.52
2021-05-18,415.8,411.94
2021-05-19,406.92,410.86
2021-05-20,411.8,415.28
2021-05-21,416.87,414.94
2021-05-24,417.34,419.17
2021-05-25,420.33,418.24
2021-05-26,418.87,419.07
2021-05-27,420.17,419.29
2021-05-28,420.97,420.04
2021-06-01,422.57,419.67
2021-06-02,420.37,420.33
2021-06-03,417.85,418.77
2021-06-04,420.75,422.6
2021-06-07,422.59,422.19
2021-06-08,423.11,422.28
2021-06-09,423.18,421.65
2021-06-10,422.96,423.61
2021-06-11,424.2,424.31
2021-06-14,424.43,425.26
2021-06-15,425.42,424.48
2021-06-16,424.63,422.11
2021-06-17,421.67,421.97
2021-06-18,417.09,414.92
2021-06-21,416.8,420.86
2021-06-22,420.85,423.11
2021-06-23,423.19,422.6
2021-06-24,424.89,425.1
2021-06-25,425.9,426.61
2021-06-28,427.17,427.47
2021-06-29,427.88,427.7
2021-06-30,427.21,428.06
2021-07-01,428.87,430.43
2021-07-02,431.67,433.72
2021-07-06,433.78,432.93
2021-07-07,433.66,434.46
2021-07-08,428.78,430.92
2021-07-09,432.53,435.52
2021-07-12,435.43,437.08
2021-07-13,436.24,435.59
2021-07-14,437.4,436.24
2021-07-15,434.81,434.75
2021-07-16,436.01,431.34
2021-07-19,426.19,424.97
2021-07-20,425.68,431.06
2021-07-21,432.34,434.55
2021-07-22,434.74,435.46
2021-07-23,437.52,439.94
2021-07-26,439.31,441.02
2021-07-27,439.91,439.01
2021-07-28,439.68,438.83
2021-07-29,439.82,440.65
2021-07-30,437.91,438.51
2021-08-02,440.34,437.59
2021-08-03,438.44,441.15
2021-08-04,439.78,438.98
2021-08-05,440.22,441.76
2021-08-06,442.1,442.49
2021-08-09,442.46,442.13
2021-08-10,442.61,442.68
2021-08-11,443.82,443.78
2021-08-12,443.62,445.11
2021-08-13,445.59,445.92
2021-08-16,444.53,446.97
2021-08-17,444.24,444.04
2021-08-18,442.96,439.18
2021-08-19,436.27,439.86
2021-08-20,440.23,443.36
2021-08-23,445.16,447.26
2021-08-24,447.97,447.97
2021-08-25,448.17,448.91
2021-08-26,448.61,446.26
2021-08-27,447.12,450.25
2021-08-30,450.97,452.23
2021-08-31,452.13,451.56
2021-09-01,452.56,451.8
2021-09-02,453.32,453.19
2021-09-03,451.98,453.08
2021-09-07,452.71,451.46
2021-09-08,450.89,450.91
2021-09-09,450.7,448.98
2021-09-10,451.04,445.44
2021-09-13,448.64,446.58
2021-09-14,448.12,444.17
2021-09-15,444.62,447.88
2021-09-16,447.32,447.17
2021-09-17,444.92,441.4
2021-09-20,434.88,434.04
2021-09-21,436.53,433.63
2021-09-22,436.05,437.86
2021-09-23,439.85,443.18
2021-09-24,441.44,443.91
2021-09-27,442.81,442.64
2021-09-28,439.69,433.72
2021-09-29,435.19,434.45
2021-09-30,436.02,429.14
2021-10-01,430.98,434.24
2021-10-04,433.0,428.64
2021-10-05,430.24,433.1
2021-10-06,429.27,434.9
2021-10-07,438.39,438.66
2021-10-08,439.48,437.86
2021-10-11,437.16,434.69
2021-10-12,435.67,433.62
2021-10-13,434.71,435.18
2021-10-14,439.08,442.5
2021-10-15,444.75,445.87
2021-10-18,443.97,447.19
2021-10-19,448.92,450.64
2021-10-20,451.13,452.41
2021-10-21,451.77,453.59
2021-10-22,453.13,453.12
2021-10-25,454.28,455.55
2021-10-26,457.2,455.96
2021-10-27,456.45,453.94
2021-10-28,455.46,458.32
2021-10-29,455.87,459.25
2021-11-01,460.3,460.04
2021-11-02,460.22,461.9
2021-11-03,461.3,464.72
2021-11-04,465.36,466.91
2021-11-05,469.28,468.53
2021-11-08,469.7,468.93
2021-11-09,469.32,467.38
2021-11-10,465.58,463.62
2021-11-11,465.21,463.77
2021-11-12,465.12,467.27
2021-11-15,468.64,467.43
2021-11-16,467.15,469.28
2021-11-17,469.0,468.14
2021-11-18,469.24,469.73
2021-11-19,469.61,468.89
2021-11-22,470.89,467.57
2021-11-23,467.22,468.19
2021-11-24,466.06,469.44
2021-11-26,462.34,458.97
2021-11-29,464.07,464.6
2021-11-30,462.0,455.56
2021-12-01,461.64,450.5
2021-12-02,450.73,457.4
2021-12-03,459.17,453.42
2021-12-06,456.13,458.79
2021-12-07,464.41,468.28
2021-12-08,468.7,469.52
2021-12-09,468.15,466.35
2021-12-10,469.23,470.74
2021-12-13,470.19,466.57
2021-12-14,463.09,463.36
2021-12-15,463.42,470.6
2021-12-16,472.57,466.45
2021-12-17,461.55,459.87
2021-12-20,454.48,454.98
2021-12-21,458.61,463.06
2021-12-22,462.79,467.69
2021-12-23,468.75,470.6
2021-12-27,472.06,477.26
2021-12-28,477.72,476.87
2021-12-29,476.98,477.48
2021-12-30,477.93,476.16
2021-12-31,475.64,474.96
2022-01-03,476.3,477.71
2022-01-04,479.22,477.55
2022-01-05,477.16,468.38
2022-01-06,467.89,467.94
2022-01-07,467.95,466.09
2022-01-10,462.7,465.51
2022-01-11,465.23,469.75
2022-01-12,471.59,471.02
2022-01-13,472.19,464.53
2022-01-14,461.19,464.72
2022-01-18,459.74,456.49
2022-01-19,458.13,451.75
2022-01-20,453.75,446.75
2022-01-21,445.56,437.98
2022-01-24,432.03,439.84
2022-01-25,433.06,434.47
2022-01-26,440.72,433.38
2022-01-27,438.26,431.24
2022-01-28,432.68,441.95
2022-01-31,441.24,449.91
2022-02-01,450.68,452.95
2022-02-02,455.5,457.35
2022-02-03,450.95,446.6
2022-02-04,446.35,448.7
2022-02-07,449.51,447.26
2022-02-08,446.73,450.94
2022-02-09,455.22,457.54
2022-02-10,451.34,449.32
2022-02-11,449.41,440.46
2022-02-14,439.92,439.02
2022-02-15,443.73,446.1
2022-02-16,443.93,446.6
2022-02-17,443.22,437.06
2022-02-18,437.33,434.23
2022-02-22,431.89,429.57
2022-02-23,432.66,421.95
2022-02-24,411.02,428.3
2022-02-25,429.61,437.75
2022-02-28,432.03,436.63
2022-03-01,435.04,429.98
2022-03-02,432.37,437.89
2022-03-03,440.47,435.71
2022-03-04,431.75,432.17
2022-03-07,431.55,419.43
2022-03-08,419.62,416.25
2022-03-09,425.14,427.41
2022-03-10,422.52,425.48
2022-03-11,428.12,420.07
2022-03-14,420.89,417.0
2022-03-15,419.77,426.17
2022-03-16,429.89,435.62
2022-03-17,433.59,441.07
2022-03-18,438.0,444.52
2022-03-21,444.34,444.39
2022-03-22,445.86,449.59
2022-03-23,446.91,443.8
2022-03-24,445.94,450.49
2022-03-25,451.16,452.69
2022-03-28,452.06,455.91
2022-03-29,460.02,461.55
2022-03-30,460.34,458.7
2022-03-31,457.89,451.64
2022-04-01,453.31,452.92
2022-04-04,453.13,456.8
2022-04-05,455.22,451.03
2022-04-06,446.89,446.52
2022-04-07,445.59,448.77
2022-04-08,447.97,447.57
2022-04-11,444.11,439.92
2022-04-12,443.08,438.29
2022-04-13,438.03,443.31
2022-04-14,443.55,437.79
2022-04-18,436.81,437.97
2022-04-19,437.86,445.04
2022-04-20,446.92,444.71
2022-04-21,448.54,438.06
2022-04-22,436.91,426.04
2022-04-25,423.67,428.51
2022-04-26,425.83,416.1
2022-04-27,417.24,417.27
2022-04-28,422.29,427.81
2022-04-29,423.59,412.0
2022-05-02,412.07,414.48
2022-05-03,415.01,416.38
2022-05-04,417.08,429.06
2022-05-05,424.55,413.81
2022-05-06,411.1,411.34
2022-05-09,405.1,398.17
2022-05-10,404.49,399.09
2022-05-11,398.07,392.75
2022-05-12,389.37,392.34
2022-05-13,396.71,401.72
2022-05-16,399.98,400.09
2022-05-17,406.53,408.32
2022-05-18,403.5,391.86
2022-05-19,388.62,389.46
2022-05-20,393.25,389.63
2022-05-23,392.83,396.92
2022-05-24,392.56,393.89
2022-05-25,392.31,397.37
2022-05-26,398.67,405.31
2022-05-27,407.91,415.26
2022-05-31,413.55,412.93
2022-06-01,415.17,409.59
2022-06-02,409.42,417.39
2022-06-03,412.4,410.54
2022-06-06,414.78,411.79
2022-06-07,408.1,415.74
2022-06-08,413.93,411.22
2022-06-09,409.34,401.44
2022-06-10,394.88,389.8
2022-06-13,379.85,375.0
2022-06-14,376.85,373.87
2022-06-15,377.36,379.2
2022-06-16,370.51,366.65
2022-06-17,365.51,365.86
2022-06-21,371.89,375.07
2022-06-22,370.62,374.39
2022-06-23,376.64,378.06
2022-06-24,381.4,390.08
2022-06-27,391.05,388.59
2022-06-28,390.23,380.65
2022-06-29,381.23,380.34
2022-06-30,376.24,377.25
2022-07-01,376.56,381.24
2022-07-05,375.88,381.96
2022-07-06,382.11,383.25
2022-07-07,385.12,388.99
2022-07-08,387.27,388.67
2022-07-11,385.85,384.23
2022-07-12,383.65,380.83
2022-07-13,375.1,378.83
2022-07-14,373.61,377.91
2022-07-15,382.55,385.13
2022-07-18,388.38,381.95
2022-07-19,386.08,392.27
2022-07-20,392.47,394.77
2022-07-21,394.16,398.79
2022-07-22,398.92,395.09
2022-07-25,395.75,395.57
2022-07-26,393.84,390.89
2022-07-27,394.36,401.04
2022-07-28,401.89,406.07
2022-07-29,407.58,411.99
2022-08-01,409.15,410.77
2022-08-02,409.12,408.06
2022-08-03,410.3,414.45
2022-08-04,414.37,414.17
2022-08-05,409.66,413.47
2022-08-08,415.25,412.99
2022-08-09,412.22,411.35
2022-08-10,418.78,419.99
2022-08-11,422.99,419.99
2022-08-12,422.03,427.1
2022-08-15,424.77,428.86
2022-08-16,427.73,429.7
2022-08-17,425.91,426.65
2022-08-18,426.86,427.89
2022-08-19,424.98,422.14
2022-08-22,417.05,413.35
2022-08-23,412.9,412.35
2022-08-24,412.11,413.67
2022-08-25,415.24,419.51
2022-08-26,419.39,405.31
2022-08-29,402.2,402.63
2022-08-30,403.85,398.21
2022-08-31,399.93,395.18
2022-09-01,392.89,396.42
2022-09-02,400.28,392.24
2022-09-06,393.13,390.76
2022-09-07,390.43,397.78
2022-09-08,395.39,400.38
2022-09-09,402.74,406.6
2022-09-12,408.78,410.97
2022-09-13,401.83,393.1
2022-09-14,394.47,394.6
2022-09-15,392.96,390.12
2022-09-16,384.14,385.56
2022-09-19,382.26,388.55
2022-09-20,385.06,384.09
2022-09-21,386.11,377.39
2022-09-22,376.58,374.22
2022-09-23,370.58,367.95
2022-09-26,366.41,364.31
2022-09-27,368.02,363.38
2022-09-28,364.38,370.53
2022-09-29,366.81,362.79
2022-09-30,361.8,357.18
2022-10-03,361.08,366.61
2022-10-04,372.4,377.97
2022-10-05,373.39,377.09
2022-10-06,375.62,373.2
2022-10-07,368.97,362.79
2022-10-10,363.96,360.02
2022-10-11,358.24,357.74
2022-10-12,358.17,356.56
2022-10-13,349.21,365.97
2022-10-14,368.55,357.63
2022-10-17,364.01,366.82
2022-10-18,375.13,371.13
2022-10-19,368.99,368.5
2022-10-20,368.03,365.41
2022-10-21,365.12,374.29
2022-10-24,375.89,378.87
2022-10-25,378.79,384.92
2022-10-26,381.62,382.02
2022-10-27,383.07,379.98
2022-10-28,379.87,389.02
2022-10-31,386.44,386.21
2022-11-01,390.14,384.52
2022-11-02,383.9,374.87
2022-11-03,371.47,371.01
2022-11-04,377.0,376.35
2022-11-07,377.71,379.95
2022-11-08,381.11,382.0
2022-11-09,379.93,374.13
2022-11-10,388.05,394.69
2022-11-11,395.59,398.51
2022-11-14,396.66,395.12
2022-11-15,401.15,398.49
2022-11-16,396.78,395.45
2022-11-17,390.46,394.24
2022-11-18,397.74,396.03
2022-11-21,394.64,394.59
2022-11-22,396.63,399.9
2022-11-23,399.55,402.42
2022-11-25,401.83,402.33
2022-11-28,399.09,395.91
2022-11-29,396.05,395.23
2022-11-30,395.49,407.68
2022-12-01,408.77,407.38
2022-12-02,402.25,406.91
2022-12-05,403.95,399.59
2022-12-06,399.42,393.83
2022-12-07,392.94,393.16
2022-12-08,395.14,396.24
2022-12-09,394.94,393.28
2022-12-12,394.11,398.95
2022-12-13,410.22,401.97
2022-12-14,401.61,399.4
2022-12-15,394.3,389.63
2022-12-16,385.18,383.27
2022-12-19,383.47,380.02
2022-12-20,379.23,380.54
2022-12-21,383.25,386.23
2022-12-22,383.05,380.72
2022-12-23,379.65,382.91
2022-12-27,382.79,381.4
2022-12-28,381.33,376.66
2022-12-29,379.63,383.44
2022-12-30,380.64,382.43
2023-01-03,384.37,380.82
2023-01-04,383.18,383.76
2023-01-05,381.72,379.38
2023-01-06,382.61,388.08
2023-01-09,390.37,387.86
2023-01-10,387.25,390.58
2023-01-11,392.23,395.52
2023-01-12,396.67,396.96
2023-01-13,393.62,398.5
2023-01-17,398.48,397.77
2023-01-18,399.01,391.49
2023-01-19,389.36,388.64
2023-01-20,390.1,395.88
2023-01-23,396.72,400.63
2023-01-24,398.88,400.2
2023-01-25,395.95,400.35
2023-01-26,403.13,404.75
2023-01-27,403.66,405.68
2023-01-30,402.8,400.59
2023-01-31,401.13,406.48
2023-02-01,405.21,410.8
2023-02-02,414.86,416.78
2023-02-03,411.59,412.35
2023-02-06,409.79,409.83
2023-02-07,408.87,415.19
2023-02-08,413.13,410.65
2023-02-09,414.41,407.09
2023-02-10,405.86,408.04
2023-02-13,408.72,412.83
2023-02-14,411.24,412.64
2023-02-15,410.35,413.98
2023-02-16,408.79,408.28
2023-02-17,406.06,407.26
2023-02-21,403.06,399.09
2023-02-22,399.52,398.54
2023-02-23,401.56,400.66
2023-02-24,395.42,396.38
2023-02-27,399.87,397.73
2023-02-28,397.23,396.26
2023-03-01,395.41,394.74
2023-03-02,392.68,397.81
2023-03-03,399.71,404.19
2023-03-06,405.05,404.47
2023-03-07,404.42,398.27
2023-03-08,398.39,398.92
2023-03-09,399.74,391.56
2023-03-10,390.99,385.91
2023-03-13,381.81,385.36
2023-03-14,390.5,391.73
2023-03-15,385.89,389.28
2023-03-16,386.82,396.11
2023-03-17,393.22,389.99
2023-03-20,390.8,393.74
2023-03-21,397.24,398.91
2023-03-22,398.73,392.11
2023-03-23,395.09,393.17
2023-03-24,391.84,395.75
2023-03-27,398.12,396.49
2023-03-28,395.77,395.6
2023-03-29,399.93,401.35
2023-03-30,404.09,403.7
2023-03-31,404.66,409.39
2023-04-03,408.85,410.95
2023-04-04,411.62,408.67
2023-04-05,407.91,407.6
2023-04-06,406.77,409.19
2023-04-10,406.61,409.61
2023-04-11,410.26,409.72
2023-04-12,411.87,408.05
2023-04-13,409.18,413.47
2023-04-14,412.81,412.46
2023-04-17,412.37,413.94
2023-04-18,415.58,414.21
2023-04-19,412.22,414.14
2023-04-20,411.21,411.88
2023-04-21,412.19,412.2
2023-04-24,411.99,412.63
2023-04-25,410.58,406.08
2023-04-26,406.72,404.36
2023-04-27,407.0,412.41
2023-04-28,411.49,415.93
2023-05-01,415.47,415.51
2023-05-02,414.77,410.84
2023-05-03,411.36,408.02
2023-05-04,406.93,405.13
2023-05-05,408.91,412.63
2023-05-08,412.97,412.74
2023-05-09,411.13,410.93
2023-05-10,413.88,412.85
2023-05-11,411.95,412.13
2023-05-12,413.42,411.59
2023-05-15,412.22,413.01
2023-05-16,411.86,410.25
2023-05-17,412.35,415.23
2023-05-18,414.9,419.23
2023-05-19,420.17,418.62
2023-05-22,418.64,418.79
2023-05-23,417.08,414.09
2023-05-24,412.42,411.09
2023-05-25,414.74,414.65
2023-05-26,415.33,420.02
2023-05-30,422.03,420.18
2023-05-31,418.28,417.85
2023-06-01,418.09,421.82
2023-06-02,424.5,427.92
2023-06-05,428.28,427.1
2023-06-06,426.67,428.03
2023-06-07,428.44,426.55
2023-06-08,426.62,429.13
2023-06-09,429.96,429.9
2023-06-12,430.92,433.8
2023-06-13,435.32,436.66
2023-06-14,437.01,437.18
2023-06-15,436.33,442.6
2023-06-16,443.02,439.46
2023-06-20,437.45,437.18
2023-06-21,436.16,434.94
2023-06-22,433.95,436.51
2023-06-23,432.93,433.21
2023-06-26,432.62,431.44
2023-06-27,432.35,436.17
2023-06-28,435.05,436.39
2023-06-29,435.96,438.11
2023-06-30,441.44,443.28
2023-07-03,442.92,443.79
2023-07-05,441.91,443.13
2023-07-06,439.42,439.66
2023-07-07,438.63,438.55
2023-07-10,438.18,439.66
2023-07-11,440.45,442.46
2023-07-12,446.39,446.02
2023-07-13,447.9,449.56
2023-07-14,450.48,449.28
2023-07-17,449.13,450.84
2023-07-18,450.5,454.19
2023-07-19,455.01,455.2
2023-07-20,454.17,452.18
2023-07-21,453.96,452.18
2023-07-24,453.37,454.2
2023-07-25,453.92,455.44
2023-07-26,454.47,455.51
2023-07-27,459.02,452.49
2023-07-28,455.88,456.92
2023-07-31,457.41,457.79
2023-08-01,456.27,456.48
2023-08-02,453.25,450.13
2023-08-03,448.04,448.84
2023-08-04,450.72,446.81
2023-08-07,448.71,450.71
2023-08-08,448.08,448.75
2023-08-09,449.03,445.75
2023-08-10,448.19,445.91
2023-08-11,443.97,445.65
2023-08-14,444.7,448.11
2023-08-15,446.27,442.89
2023-08-16,442.46,439.64
2023-08-17,441.16,436.29
2023-08-18,433.37,436.5
2023-08-21,437.55,439.34
2023-08-22,441.18,438.15
2023-08-23,439.25,443.03
2023-08-24,444.69,436.89
2023-08-25,438.68,439.97
2023-08-28,442.24,442.76
2023-08-29,442.65,449.16
2023-08-30,449.51,451.01
2023-08-31,451.65,450.35
2023-09-01,453.17,451.19
2023-09-05,450.73,449.24
2023-09-06,448.4,446.22
2023-09-07,443.11,444.85
2023-09-08,444.9,445.52
2023-09-11,448.24,448.45
2023-09-12,446.95,445.99
2023-09-13,446.22,446.51
2023-09-14,449.07,450.36
2023-09-15,447.14,443.37
2023-09-18,443.05,443.63
2023-09-19,442.68,442.71
2023-09-20,444.01,438.64
2023-09-21,435.7,431.39
2023-09-22,432.45,430.42
2023-09-25,429.17,432.23
2023-09-26,429.09,425.88
2023-09-27,427.09,426.05
2023-09-28,425.48,428.52
2023-09-29,431.67,427.48
2023-10-02,426.62,427.31
2023-10-03,425.06,421.59
2023-10-04,422.07,424.66
2023-10-05,424.36,424.5
2023-10-06,421.97,429.54
2023-10-09,427.58,432.29
2023-10-10,432.94,434.54
2023-10-11,435.64,436.32
2023-10-12,436.95,433.66
2023-10-13,435.21,431.5
2023-10-16,433.82,436.04
2023-10-17,432.81,436.02
2023-10-18,434.19,430.21
2023-10-19,430.95,426.43
2023-10-20,425.98,421.19
2023-10-23,419.61,420.46
2023-10-24,422.65,423.63
2023-10-25,421.89,417.55
2023-10-26,416.45,412.55
2023-10-27,414.19,410.68
2023-10-30,413.56,415.59
2023-10-31,416.18,418.2
2023-11-01,419.2,422.66
2023-11-02,426.58,430.76
2023-11-03,433.14,434.69
2023-11-06,435.47,435.69
2023-11-07,435.69,436.93
2023-11-08,437.55,437.25
2023-11-09,438.43,433.84
2023-11-10,435.98,440.61
2023-11-13,439.23,440.19
2023-11-14,446.32,448.73
2023-11-15,450.11,449.68
2023-11-16,449.22,450.23
2023-11-17,450.24,450.79
2023-11-20,450.53,454.26
2023-11-21,453.18,453.27
2023-11-22,454.98,455.02
2023-11-24,455.07,455.3
2023-11-27,454.65,454.48
2023-11-28,454.08,454.93
2023-11-29,457.15,454.61
2023-11-30,455.48,456.4
2023-12-01,455.77,459.1
2023-12-04,455.6,456.69
2023-12-05,455.26,456.6
2023-12-06,458.81,454.76
2023-12-07,456.91,458.23
2023-12-08,457.46,460.2
2023-12-11,459.69,461.99
2023-12-12,461.63,464.1
2023-12-13,464.49,470.5
2023-12-14,472.5,472.01
2023-12-15,469.49,469.33
2023-12-18,470.98,471.97
2023-12-19,472.53,474.84
2023-12-20,473.96,468.26
2023-12-21,471.33,472.7
2023-12-22,473.86,473.65
2023-12-26,474.07,475.65
2023-12-27,475.44,476.51
2023-12-28,476.88,476.69
2023-12-29,476.49,475.31
2024-01-02,472.16,472.65
2024-01-03,470.43,468.79
2024-01-04,468.3,467.28
2024-01-05,467.49,467.92
2024-01-08,468.43,474.6
2024-01-09,471.87,473.88
2024-01-10,474.16,476.56
2024-01-11,477.59,476.35
2024-01-12,477.84,476.68
2024-01-16,475.26,474.93
2024-01-17,471.82,472.29
2024-01-18,474.01,476.49
2024-01-19,477.65,482.43
2024-01-22,484.01,483.45
2024-01-23,484.01,484.86
2024-01-24,487.81,485.39
2024-01-25,487.58,488.03
2024-01-26,487.59,487.41
2024-01-29,487.73,491.27
2024-01-30,490.56,490.89
2024-01-31,488.62,482.88
2024-02-01,484.63,489.2
2024-02-02,489.65,494.35
2024-02-05,493.7,492.55
2024-02-06,493.52,493.98
2024-02-07,496.29,498.1
2024-02-08,498.1,498.32
2024-02-09,498.84,501.2
2024-02-12,501.17,500.98
2024-02-13,494.53,494.08
2024-02-14,496.79,498.57
2024-02-15,499.29,502.01
2024-02-16,501.7,499.51
2024-02-20,497.72,496.76
2024-02-21,495.42,497.21
2024-02-22,504.01,507.5
2024-02-23,509.27,507.85
2024-02-26,508.3,505.99
2024-02-27,506.7,506.93
2024-02-28,505.33,506.26
2024-02-29,508.07,508.08
2024-03-01,508.98,512.85
2024-03-04,512.03,512.3
2024-03-05,510.24,507.18
2024-03-06,510.55,509.75
2024-03-07,513.14,514.81
2024-03-08,515.46,511.72
2024-03-11,510.48,511.28
2024-03-12,513.45,516.78
2024-03-13,517.11,515.97
2024-03-14,516.97,514.95
2024-03-15,510.21,509.83
2024-03-18,514.0,512.86
2024-03-19,512.15,515.71
2024-03-20,515.77,520.48
2024-03-21,523.39,522.2
2024-03-22,522.11,521.21
2024-03-25,519.8,519.77
2024-03-26,521.23,518.81
2024-03-27,521.71,523.17
2024-03-28,523.21,523.07
2024-04-01,523.83,522.16
2024-04-02,518.24,518.84
2024-04-03,517.72,519.41
2024-04-04,523.52,513.07
2024-04-05,514.46,518.43
2024-04-08,519.15,518.72
2024-04-09,520.5,519.32
2024-04-10,513.48,514.12
2024-04-11,515.68,518.0
2024-04-12,514.37,510.85
2024-04-15,515.13,504.45
2024-04-16,504.94,503.53
2024-04-17,506.05,500.55
2024-04-18,501.98,499.52
2024-04-19,499.44,495.16
2024-04-22,497.83,499.72
2024-04-23,501.78,505.65
2024-04-24,506.56,505.41
2024-04-25,499.18,503.49
2024-04-26,506.35,508.26
2024-04-29,510.09,510.06
2024-04-30,508.56,501.98
2024-05-01,501.38,500.35
2024-05-02,504.15,505.03
2024-05-03,511.16,511.29
2024-05-06,513.75,516.57
2024-05-07,517.56,517.14
2024-05-08,515.26,517.19
2024-05-09,517.38,520.17
2024-05-10,521.81,520.84
2024-05-13,522.56,520.91
2024-05-14,521.11,523.3
2024-05-15,525.83,529.78
2024-05-16,529.88,528.69
2024-05-17,528.81,529.45
2024-05-20,529.57,530.06
2024-05-21,529.28,531.36
2024-05-22,530.65,529.83
2024-05-23,532.96,525.96
2024-05-24,527.85,529.44
2024-05-28,530.27,529.81
2024-05-29,525.68,526.1
2024-05-30,524.52,522.61
2024-05-31,523.59,527.37
2024-06-03,529.02,527.8
2024-06-04,526.46,528.39
2024-06-05,530.77,534.67
2024-06-06,534.98,534.66
2024-06-07,533.66,534.01
2024-06-10,533.18,535.66
2024-06-11,534.07,536.95
2024-06-12,541.63,541.36
2024-06-13,543.15,542.45
2024-06-14,540.88,542.78
2024-06-17,542.08,547.1
2024-06-18,547.16,548.49
2024-06-20,549.44,547.0
2024-06-21,544.4,544.51
2024-06-24,544.33,542.74
2024-06-25,543.99,544.83
2024-06-26,543.69,545.51
2024-06-27,545.37,546.37
2024-06-28,547.16,544.22
2024-07-01,545.63,545.34
2024-07-02,543.7,549.01
2024-07-03,548.69,551.46
2024-07-05,551.77,554.64
2024-07-08,555.44,555.28
2024-07-09,556.26,555.82
2024-07-10,557.07,561.32
2024-07-11,561.44,556.48
2024-07-12,557.63,559.99
2024-07-15,562.03,561.53
2024-07-16,562.87,564.86
2024-07-17,558.8,556.94
2024-07-18,558.51,552.66
2024-07-19,552.42,548.99
2024-07-22,553.0,554.65
2024-07-23,554.54,553.78
2024-07-24,548.86,541.23
2024-07-25,541.35,538.41
2024-07-26,542.28,544.44
2024-07-29,546.02,544.76
2024-07-30,546.26,542.0
2024-07-31,548.98,550.81
2024-08-01,552.57,543.01
2024-08-02,535.75,532.9
2024-08-05,511.64,517.38
2024-08-06,519.22,522.15
2024-08-07,528.47,518.66
2024-08-08,523.91,530.65
2024-08-09,529.81,532.99
2024-08-12,534.21,533.27
2024-08-13,536.53,542.04
2024-08-14,542.85,543.75
2024-08-15,549.5,553.07
2024-08-16,551.42,554.31
2024-08-19,554.73,559.61
2024-08-20,559.15,558.7
2024-08-21,559.77,560.62
2024-08-22,562.56,556.22
2024-08-23,559.53,562.13
2024-08-26,563.18,560.79
2024-08-27,559.49,561.56
2024-08-28,561.21,558.3
2024-08-29,560.31,558.35
2024-08-30,560.77,563.68
2024-09-03,560.47,552.08
2024-09-04,550.2,550.95
2024-09-05,550.89,549.61
2024-09-06,549.94,540.36
2024-09-09,544.65,546.41
2024-09-10,548.36,548.79
2024-09-11,548.7,554.42
2024-09-12,555.01,559.09
2024-09-13,559.71,562.01
2024-09-16,561.74,562.84
2024-09-17,565.1,563.07
2024-09-18,563.74,561.4
2024-09-19,571.01,570.98
2024-09-20,567.84,568.25
2024-09-23,569.34,569.67
2024-09-24,570.48,571.3
2024-09-25,571.14,570.04
2024-09-26,574.38,572.3
2024-09-27,573.39,571.47
2024-09-30,570.42,573.76
2024-10-01,573.4,568.62
2024-10-02,567.71,568.86
2024-10-03,567.36,567.82
2024-10-04,572.35,572.98
2024-10-07,571.3,567.8
2024-10-08,570.42,573.17
2024-10-09,573.16,577.14
2024-10-10,575.77,576.13
2024-10-11,576.05,579.58
2024-10-14,581.22,584.32
2024-10-15,584.59,579.78
2024-10-16,579.78,582.3
2024-10-17,585.91,582.35
2024-10-18,584.07,584.59
2024-10-21,583.85,583.63
2024-10-22,581.05,583.32
2024-10-23,581.26,577.99
2024-10-24,579.98,579.24
2024-10-25,581.51,579.04
2024-10-28,582.58,580.83
2024-10-29,579.85,581.77
2024-10-30,581.29,580.01
2024-10-31,575.56,568.64
2024-11-01,571.32,571.04
2024-11-04,571.18,569.81
2024-11-05,570.74,576.7
2024-11-06,589.2,591.04
2024-11-07,593.08,595.61
2024-11-08,596.17,598.19
2024-11-11,599.81,598.76
2024-11-12,598.68,596.9
2024-11-13,597.37,597.19
2024-11-14,597.32,593.35
2024-11-15,589.72,585.75
2024-11-18,586.22,588.15
2024-11-19,584.71,590.3
2024-11-20,590.38,590.5
2024-11-21,593.4,593.67
2024-11-22,593.66,595.51
2024-11-25,599.52,597.53
2024-11-26,598.8,600.65
2024-11-27,600.46,598.83
2024-11-29,599.66,602.55
2024-12-02,602.97,603.63
2024-12-03,603.39,603.91
2024-12-04,605.63,607.66
2024-12-05,607.66,606.66
2024-12-06,607.44,607.81
2024-12-09,607.69,604.68
2024-12-10,605.37,602.8
2024-12-11,605.78,607.46
2024-12-12,606.58,604.33
2024-12-13,606.4,604.21
2024-12-16,606.0,606.79
2024-12-17,604.19,604.29
2024-12-18,603.98,586.28
2024-12-19,591.36,586.1
2024-12-20,581.77,591.15
2024-12-23,590.89,594.69
2024-12-24,596.06,601.3
2024-12-26,599.5,601.34
2024-12-27,597.54,595.01
2024-12-30,587.89,588.22
2024-12-31,589.91,586.08
2025-01-02,589.39,584.64
2025-01-03,587.53,591.95
2025-01-06,596.27,595.36
2025-01-07,597.42,588.63
2025-01-08,588.7,589.49
2025-01-10,585.88,580.49
2025-01-13,575.77,581.39
2025-01-14,584.36,582.19
2025-01-15,590.33,592.78
2025-01-16,594.17,591.64
2025-01-17,596.96,597.58
2025-01-21,600.67,603.05
2025-01-22,605.92,606.44
2025-01-23,605.8,609.75
2025-01-24,609.81,607.97
2025-01-27,594.81,599.37
2025-01-28,600.62,604.52
2025-01-29,603.72,601.81
2025-01-30,603.96,605.04
2025-01-31,607.5,601.82
2025-02-03,592.67,597.77
2025-02-04,597.83,601.78
2025-02-05,600.64,604.22
2025-02-06,605.99,606.32
2025-02-07,606.89,600.77
2025-02-10,604.03,604.85
2025-02-11,602.55,605.31
2025-02-12,599.2,603.36
2025-02-13,604.48,609.73
2025-02-14,609.94,609.7
2025-02-18,610.88,611.49
2025-02-19,610.08,612.93
2025-02-20,611.54,610.38
2025-02-21,610.16,599.94
2025-02-24,602.02,597.21
2025-02-25,597.15,594.24
2025-02-26,595.93,594.54
2025-02-27,596.85,585.05
2025-02-28,585.56,594.18
2025-03-03,596.18,583.77
2025-03-04,579.71,576.86
2025-03-05,576.69,583.06
2025-03-06,575.48,572.71
2025-03-07,570.9,575.92
2025-03-10,567.59,560.58
2025-03-11,559.4,555.92
2025-03-12,562.17,558.87
2025-03-13,558.49,551.42
2025-03-14,556.11,562.81
2025-03-17,562.79,567.15
2025-03-18,564.8,561.02
2025-03-19,562.83,567.13
2025-03-20,563.33,565.49
2025-03-21,559.28,563.98
2025-03-24,570.8,574.08
2025-03-25,575.3,575.46
2025-03-26,575.19,568.59
2025-03-27,567.18,567.08
2025-03-28,565.53,555.66
2025-03-31,549.83,559.39
2025-04-01,557.45,560.97
2025-04-02,555.05,564.52
2025-04-03,545.11,536.7
2025-04-04,523.67,505.28
2025-04-07,489.19,504.38
2025-04-08,521.86,496.48
2025-04-09,493.44,548.62
2025-04-10,532.17,524.58
2025-04-11,523.01,533.94
2025-04-14,544.05,539.12
2025-04-15,539.67,537.61
2025-04-16,531.68,525.66
2025-04-17,527.64,526.41
2025-04-21,521.16,513.88
2025-04-22,520.14,527.25
2025-04-23,540.43,535.42
2025-04-24,536.72,546.69
2025-04-25,546.65,550.64
2025-04-28,551.39,550.85
2025-04-29,548.91,554.32
2025-04-30,547.57,554.54
2025-05-01,560.37,558.47
2025-05-02,564.73,566.76
2025-05-05,562.57,563.51
2025-05-06,557.93,558.8
2025-05-07,560.15,561.15
2025-05-08,565.24,565.06
2025-05-09,566.48,564.34
2025-05-12,581.47,582.99
2025-05-13,583.41,586.84
2025-05-14,587.81,587.59
2025-05-15,585.56,590.46
2025-05-16,591.25,594.2
2025-05-19,588.1,594.85
2025-05-20,593.09,592.85
2025-05-21,588.44,582.86
2025-05-22,582.66,583.09
2025-05-23,575.98,579.11
2025-05-27,586.07,591.15
2025-05-28,591.56,587.73
2025-05-29,593.06,590.05
2025-05-30,588.93,589.39
2025-06-02,587.76,592.71
2025-06-03,592.34,596.09
2025-06-04,596.96,595.93
2025-06-05,597.63,593.05
2025-06-06,598.66,599.14
2025-06-09,599.72,599.68
2025-06-10,600.22,603.08
2025-06-11,604.19,601.36
2025-06-12,600.01,603.75
2025-06-13,598.5,597.0
2025-06-16,600.4,602.68
2025-06-17,600.21,597.53
2025-06-18,598.44,597.44
2025-06-20,598.38,594.28
2025-06-23,595.04,600.15
2025-06-24,604.33,606.78
2025-06-25,607.91,607.12
2025-06-26,608.99,611.87
2025-06-27,612.88,614.91
2025-06-30,617.38,617.85
2025-07-01,616.36,617.65
2025-07-02,617.24,620.45
2025-07-03,622.45,625.34
2025-07-07,623.36,620.68
2025-07-08,621.35,620.34
2025-07-09,622.77,624.06
2025-07-10,624.2,625.82
2025-07-11,622.74,623.62
2025-07-14,623.16,624.81
2025-07-15,627.52,622.14
2025-07-16,623.74,624.22
2025-07-17,624.4,628.04
2025-07-18,629.3,627.58
2025-07-21,628.77,628.77
2025-07-22,629.1,628.86
2025-07-23,631.55,634.21
2025-07-24,634.6,634.42
2025-07-25,635.09,637.1
2025-07-28,637.48,636.94
2025-07-29,638.35,635.26
2025-07-30,635.92,634.46
2025-07-31,639.46,632.08
2025-08-01,626.3,621.72
2025-08-04,625.67,631.17
2025-08-05,631.79,627.97
2025-08-06,629.05,632.78
2025-08-07,636.24,632.25
2025-08-08,634.06,637.18
2025-08-11,637.46,635.92
2025-08-12,638.29,642.69
2025-08-13,644.91,644.89
2025-08-14,642.79,644.95
2025-08-15,645.99,643.44
2025-08-18,642.86,643.3
2025-08-19,643.12,639.81
2025-08-20,639.4,638.11
2025-08-21,636.28,635.55
2025-08-22,637.76,645.31
2025-08-25,644.04,642.47
2025-08-26,642.2,645.16
2025-08-27,644.57,646.63
2025-08-28,647.24,648.92
2025-08-29,647.47,645.05
2025-09-02,637.5,640.27
2025-09-03,642.67,643.74
2025-09-04,644.42,649.12
2025-09-05,651.48,647.24
2025-09-08,648.62,648.83
2025-09-09,648.97,650.33
2025-09-10,653.62,652.21
2025-09-11,654.18,657.63
2025-09-12,657.6,657.41
2025-09-15,659.64,660.91
2025-09-16,661.47,660.0
2025-09-17,660.01,659.18
2025-09-18,661.89,662.26
2025-09-19,662.33,663.7
2025-09-22,662.2,666.84
2025-09-23,666.72,663.21
2025-09-24,664.51,661.1
2025-09-25,657.94,658.05
2025-09-26,659.51,661.82
2025-09-29,664.36,663.68
2025-09-30,662.93,666.18
2025-10-01,663.17,668.45
2025-10-02,670.45,669.22
2025-10-03,669.99,669.21
2025-10-06,671.62,671.61
2025-10-07,672.54,669.12
2025-10-08,670.25,673.11
2025-10-09,673.53,671.16
2025-10-10,672.13,653.02
2025-10-13,660.65,663.04
2025-10-14,657.17,662.23
2025-10-15,666.82,665.17
2025-10-16,666.82,660.64
2025-10-17,659.5,664.39
2025-10-20,667.32,671.3
2025-10-21,671.44,671.29
2025-10-22,672.0,667.8
2025-10-23,668.12,671.76
2025-10-24,676.46,677.25
2025-10-27,682.73,685.24
2025-10-28,687.05,687.06
2025-10-29,688.72,687.39
2025-10-30,683.9,679.83
2025-10-31,685.04,682.06
2025-11-03,685.67,683.34
2025-11-04,676.11,675.24
2025-11-05,674.98,677.58
2025-11-06,676.47,670.31
2025-11-07,667.91,670.97
2025-11-10,677.24,681.44
2025-11-11,679.95,683.0
2025-11-12,684.79,683.38
2025-11-13,680.5,672.04
2025-11-14,665.38,671.93
2025-11-17,669.7,665.67
2025-11-18,662.1,660.08
2025-11-19,660.78,662.63
2025-11-20,672.91,652.53
2025-11-21,655.05,659.03
2025-11-24,662.69,668.73
2025-11-25,668.63,675.02
2025-11-26,677.63,679.68
2025-11-28,680.86,683.39
2025-12-01,678.81,680.27
2025-12-02,681.92,681.53
2025-12-03,680.57,683.89
2025-12-04,685.3,684.39
2025-12-05,685.47,685.69
2025-12-08,686.59,683.63
2025-12-09,683.15,683.04
2025-12-10,682.56,687.57
2025-12-11,685.14,689.17
2025-12-12,688.17,681.76
2025-12-15,685.74,680.73
2025-12-16,679.23,678.87
2025-12-17,679.89,671.4
2025-12-18,677.6,676.47
2025-12-19,676.59,680.59
2025-12-22,683.94,684.83
2025-12-23,683.92,687.96
2025-12-24,687.95,690.38
2025-12-26,690.64,690.31
2025-12-29,687.54,687.85
2025-12-30,687.45,687.01
2025-12-31,687.14,681.92
2026-01-02,685.71,683.17
2026-01-05,686.54,687.72
2026-01-06,687.93,691.81
2026-01-07,692.19,689.58
2026-01-08,688.82,689.51
2026-01-09,690.63,694.07
2026-01-12,690.68,695.16
2026-01-13,695.49,693.77
2026-01-14,691.0,690.36
2026-01-15,694.57,692.24
2026-01-16,693.66,691.66
2026-01-20,681.49,677.58
2026-01-21,679.65,685.4
2026-01-22,689.85,688.98
2026-01-23,688.15,689.23
2026-01-26,690.49,692.73
2026-01-27,694.18,695.49
2026-01-28,697.05,695.42
2026-01-29,696.39,694.04
2026-01-30,691.79,691.97
2026-02-02,689.58,695.41
2026-02-03,696.21,689.53
2026-02-04,690.35,686.19
2026-02-05,680.94,677.62
2026-02-06,681.46,690.62
2026-02-09,689.42,693.95
2026-02-10,694.95,692.12
2026-02-11,696.39,691.96
2026-02-12,694.24,681.27
2026-02-13,681.69,681.75
2026-02-17,680.14,682.85
2026-02-18,684.02,686.29
2026-02-19,683.84,684.48
2026-02-20,682.32,689.43
2026-02-23,687.83,682.39
2026-02-24,681.9,687.35
2026-02-25,690.18,693.15
2026-02-26,693.28,689.3
2026-02-27,683.09,685.99
2026-03-02,678.7,686.38
2026-03-03,675.06,680.33
2026-03-04,681.63,685.13
2026-03-05,682.08,681.31
2026-03-06,673.41,672.38
2026-03-09,666.39,678.27
2026-03-10,677.72,677.18
2026-03-11,677.58,676.33
2026-03-12,671.16,666.06
2026-03-13,669.27,662.29
2026-03-16,668.38,669.03
2026-03-17,672.39,670.79
2026-03-18,668.36,661.43
2026-03-19,656.97,659.8
2026-03-20,656.51,648.57
2026-03-23,658.07,655.38
2026-03-24,651.32,653.18
2026-03-25,658.67,656.82
2026-03-26,652.06,645.09
2026-03-27,642.5,634.09
2026-03-30,640.11,631.97
2026-03-31,638.94,650.34
2026-04-01,653.9,655.24
2026-04-02,646.42,655.83
2026-04-06,655.86,658.93
2026-04-07,656.65,659.22
2026-04-08,676.39,676.01
2026-04-09,674.84,679.91
2026-04-10,681.32,679.46
2026-04-13,677.41,686.1
2026-04-14,687.69,694.46
2026-04-15,695.26,699.94
2026-04-16,701.06,701.66
2026-04-17,706.14,710.14
2026-04-20,708.78,708.72
2026-04-21,710.28,704.08
2026-04-22,709.15,711.21
2026-04-23,709.5,708.45
2026-04-24,710.75,713.94
2026-04-27,713.17,715.17
2026-04-28,711.82,711.69
2026-04-29,711.0,711.58
2026-04-30,714.63,718.66
2026-05-01,721.25,720.65
2026-05-04,720.07,718.01
2026-05-05,721.77,723.77
2026-05-06,728.16,733.83
2026-05-07,735.05,731.58
2026-05-08,734.93,737.62
2026-05-11,736.45,739.3
2026-05-12,736.89,738.18
2026-05-13,738.47,742.31
2026-05-14,743.65,748.17
2026-05-15,741.79,739.17
2026-05-18,739.83,738.65
2026-05-19,734.78,733.73
2026-05-20,735.71,741.25
2026-05-21,738.64,742.72
2026-05-22,746.24,745.64
2026-05-26,750.01,750.59
2026-05-27,750.88,750.46
2026-05-28,750.25,754.6
2026-05-29,755.9,756.48
2026-06-01,755.36,758.54
2026-06-02,757.03,759.57
2026-06-03,758.15,754.24
2026-06-04,752.1,757.09
2026-06-05,752.31,737.55
2026-06-08,743.36,739.22
2026-06-09,743.63,737.05
2026-06-10,733.39,725.43
2026-06-11,728.76,737.76
2026-06-12,740.71,741.75
2026-06-15,751.85,754.83
2026-06-16,754.55,750.33
2026-06-17,751.29,740.96
2026-06-18,747.76,746.74
2026-06-22,747.7,744.39
2026-06-23,733.81,733.58
2026-06-24,735.17,733.24
2026-06-25,738.91,734.3
2026-06-26,728.95,728.99
2026-06-29,736.53,741.0
2026-06-30,741.29,746.77
2026-07-01,745.0,745.76
